case_id,ajcc_pathologic_stage,days_to_last_follow_up,tss,primary_site,vital_status,days_to_death,age_at_index,days_to_progression,days_to_recurrence,progression_or_recurrence,progression_flag,recurrence_flag,os_censorship,pfs_censorship,os_value,pfs_value,stage_value,dataset_name
TCGA-3C-AAAU,Stage X,4047.0,3C,Breast,Alive,,55,1808.0,,Yes,Yes,No,1.0,0.0,4047.0,1808.0,X,brca
TCGA-3C-AALI,Stage IIB,4005.0,3C,Breast,Alive,,50,,,No,No,No,1.0,1.0,4005.0,4005.0,IIB,brca
TCGA-3C-AALJ,Stage IIB,1474.0,3C,Breast,Alive,,62,,,No,No,No,1.0,1.0,1474.0,1474.0,IIB,brca
TCGA-3C-AALK,Stage IA,1448.0,3C,Breast,Alive,,52,,,No,No,No,1.0,1.0,1448.0,1448.0,IA,brca
TCGA-4H-AAAK,Stage IIIA,348.0,4H,Breast,Alive,,50,,,No,No,No,1.0,1.0,348.0,348.0,IIIA,brca
TCGA-5L-AAT0,Stage IIA,1477.0,5L,Breast,Alive,,42,,,No,No,No,1.0,1.0,1477.0,1477.0,IIA,brca
TCGA-5L-AAT1,Stage IV,1471.0,5L,Breast,Alive,,63,,,No,No,No,1.0,1.0,1471.0,1471.0,IV,brca
TCGA-5T-A9QA,Stage IIA,303.0,5T,Breast,Alive,,52,,,No,No,No,1.0,1.0,303.0,303.0,IIA,brca
TCGA-A1-A0SB,Stage I,259.0,A1,Breast,Alive,,70,,,No,No,No,1.0,1.0,259.0,259.0,I,brca
TCGA-A1-A0SD,Stage IIA,437.0,A1,Breast,Alive,,59,,,No,No,No,1.0,1.0,437.0,437.0,IIA,brca
TCGA-A1-A0SE,Stage I,1321.0,A1,Breast,Alive,,56,,,No,No,No,1.0,1.0,1321.0,1321.0,I,brca
TCGA-A1-A0SF,Stage IIA,1463.0,A1,Breast,Alive,,54,,,No,No,No,1.0,1.0,1463.0,1463.0,IIA,brca
TCGA-A1-A0SG,Stage IIB,434.0,A1,Breast,Alive,,61,,,No,No,No,1.0,1.0,434.0,434.0,IIB,brca
TCGA-A1-A0SH,Stage IIA,1437.0,A1,Breast,Alive,,39,,,No,No,No,1.0,1.0,1437.0,1437.0,IIA,brca
TCGA-A1-A0SI,Stage IIB,635.0,A1,Breast,Alive,,52,,,No,No,No,1.0,1.0,635.0,635.0,IIB,brca
TCGA-A1-A0SJ,Stage IIIA,416.0,A1,Breast,Alive,,39,,,No,No,No,1.0,1.0,416.0,416.0,IIIA,brca
TCGA-A1-A0SK,Stage IIA,967.0,A1,Breast,Dead,967.0,54,,,No,No,No,0.0,1.0,967.0,967.0,IIA,brca
TCGA-A1-A0SM,Stage IIA,242.0,A1,Breast,Alive,,77,,,No,No,No,1.0,1.0,242.0,242.0,IIA,brca
TCGA-A1-A0SN,Stage IIA,1196.0,A1,Breast,Alive,,50,,,No,No,No,1.0,1.0,1196.0,1196.0,IIA,brca
TCGA-A1-A0SO,Stage IIB,852.0,A1,Breast,Alive,,67,,,No,No,No,1.0,1.0,852.0,852.0,IIB,brca
TCGA-A1-A0SP,Stage IIA,584.0,A1,Breast,Alive,,40,,,No,No,No,1.0,1.0,584.0,584.0,IIA,brca
TCGA-A1-A0SQ,Stage IIB,554.0,A1,Breast,Alive,,45,,,No,No,No,1.0,1.0,554.0,554.0,IIB,brca
TCGA-A2-A04N,Stage IA,4354.0,A2,Breast,Alive,,66,,,No,No,No,1.0,1.0,4354.0,4354.0,IA,brca
TCGA-A2-A04P,Stage IIIC,548.0,A2,Breast,Dead,548.0,36,102.0,,Yes,Yes,No,0.0,0.0,548.0,102.0,IIIC,brca
TCGA-A2-A04Q,Stage IA,2385.0,A2,Breast,Alive,,48,,,No,No,No,1.0,1.0,2385.0,2385.0,IA,brca
TCGA-A2-A04R,Stage IA,3709.0,A2,Breast,Alive,,36,,,No,No,No,1.0,1.0,3709.0,3709.0,IA,brca
TCGA-A2-A04T,Stage IIA,2246.0,A2,Breast,Alive,,62,,,No,No,No,1.0,1.0,2246.0,2246.0,IIA,brca
TCGA-A2-A04U,Stage IIA,2654.0,A2,Breast,Alive,,47,,,No,No,No,1.0,1.0,2654.0,2654.0,IIA,brca
TCGA-A2-A04W,Stage IIB,3102.0,A2,Breast,Alive,,50,,,No,No,No,1.0,1.0,3102.0,3102.0,IIB,brca
TCGA-A2-A04X,Stage IIA,1686.0,A2,Breast,Alive,,34,,,No,No,No,1.0,1.0,1686.0,1686.0,IIA,brca
TCGA-A2-A04Y,Stage IIB,1099.0,A2,Breast,Alive,,53,,,No,No,No,1.0,1.0,1099.0,1099.0,IIB,brca
TCGA-A2-A0CK,Stage IIIA,4159.0,A2,Breast,Alive,,60,,,No,No,No,1.0,1.0,4159.0,4159.0,IIIA,brca
TCGA-A2-A0CL,Stage IIIA,3015.0,A2,Breast,Alive,,37,,,No,No,No,1.0,1.0,3015.0,3015.0,IIIA,brca
TCGA-A2-A0CO,Stage IIB,1468.0,A2,Breast,Dead,1468.0,85,,,No,No,No,0.0,1.0,1468.0,1468.0,IIB,brca
TCGA-A2-A0CP,Stage IA,2813.0,A2,Breast,Alive,,60,,,No,No,No,1.0,1.0,2813.0,2813.0,IA,brca
TCGA-A2-A0CQ,Stage IA,2695.0,A2,Breast,Alive,,62,,,No,No,No,1.0,1.0,2695.0,2695.0,IA,brca
TCGA-A2-A0CR,Stage IIB,3283.0,A2,Breast,Alive,,54,,,No,No,No,1.0,1.0,3283.0,3283.0,IIB,brca
TCGA-A2-A0CS,Stage IV,2348.0,A2,Breast,Dead,2348.0,73,,,No,No,No,0.0,1.0,2348.0,2348.0,IV,brca
TCGA-A2-A0CT,Stage IIA,2289.0,A2,Breast,Alive,,71,,,No,No,No,1.0,1.0,2289.0,2289.0,IIA,brca
TCGA-A2-A0CU,Stage IIA,158.0,A2,Breast,Dead,158.0,73,,,No,No,No,0.0,1.0,158.0,158.0,IIA,brca
TCGA-A2-A0CV,Stage IIB,3011.0,A2,Breast,Alive,,41,,,No,No,No,1.0,1.0,3011.0,3011.0,IIB,brca
TCGA-A2-A0CW,Stage IIB,3283.0,A2,Breast,Alive,,67,,,No,No,No,1.0,1.0,3283.0,3283.0,IIB,brca
TCGA-A2-A0CX,Stage IIA,1728.0,A2,Breast,Alive,,52,,,No,No,No,1.0,1.0,1728.0,1728.0,IIA,brca
TCGA-A2-A0CY,Stage IIB,1673.0,A2,Breast,Alive,,63,,,No,No,No,1.0,1.0,1673.0,1673.0,IIB,brca
TCGA-A2-A0CZ,Stage IIA,1616.0,A2,Breast,Alive,,46,,,No,No,No,1.0,1.0,1616.0,1616.0,IIA,brca
TCGA-A2-A0D0,Stage IIA,2048.0,A2,Breast,Alive,,60,,,No,No,No,1.0,1.0,2048.0,2048.0,IIA,brca
TCGA-A2-A0D1,Stage IIA,1051.0,A2,Breast,Alive,,76,,,No,No,No,1.0,1.0,1051.0,1051.0,IIA,brca
TCGA-A2-A0D2,Stage IIA,1027.0,A2,Breast,Alive,,45,,,No,No,No,1.0,1.0,1027.0,1027.0,IIA,brca
TCGA-A2-A0D3,Stage IA,1873.0,A2,Breast,Alive,,42,,,No,No,No,1.0,1.0,1873.0,1873.0,IA,brca
TCGA-A2-A0D4,Stage IIB,767.0,A2,Breast,Alive,,37,,,No,No,No,1.0,1.0,767.0,767.0,IIB,brca
TCGA-A2-A0EM,Stage IA,3094.0,A2,Breast,Alive,,73,,,No,No,No,1.0,1.0,3094.0,3094.0,IA,brca
TCGA-A2-A0EN,Stage IIA,4088.0,A2,Breast,Alive,,70,,,No,No,No,1.0,1.0,4088.0,4088.0,IIA,brca
TCGA-A2-A0EO,Stage IA,2442.0,A2,Breast,Alive,,54,,,No,No,No,1.0,1.0,2442.0,2442.0,IA,brca
TCGA-A2-A0EP,Stage I,3603.0,A2,Breast,Alive,,56,,,No,No,No,1.0,1.0,3603.0,3603.0,I,brca
TCGA-A2-A0EQ,Stage IIA,2426.0,A2,Breast,Alive,,64,,,No,No,No,1.0,1.0,2426.0,2426.0,IIA,brca
TCGA-A2-A0ER,Stage IB,2263.0,A2,Breast,Alive,,63,,,No,No,No,1.0,1.0,2263.0,2263.0,IB,brca
TCGA-A2-A0ES,Stage IIA,2190.0,A2,Breast,Alive,,52,,,No,No,No,1.0,1.0,2190.0,2190.0,IIA,brca
TCGA-A2-A0ET,Stage IIIA,1066.0,A2,Breast,Alive,,58,,,No,No,No,1.0,1.0,1066.0,1066.0,IIIA,brca
TCGA-A2-A0EU,Stage IA,1043.0,A2,Breast,Alive,,79,,,No,No,No,1.0,1.0,1043.0,1043.0,IA,brca
TCGA-A2-A0EV,Stage IA,968.0,A2,Breast,Alive,,80,,,No,No,No,1.0,1.0,968.0,968.0,IA,brca
TCGA-A2-A0EW,Stage IIIC,1884.0,A2,Breast,Dead,1884.0,53,1353.0,,Yes,Yes,No,0.0,0.0,1884.0,1353.0,IIIC,brca
TCGA-A2-A0EX,Stage IIB,752.0,A2,Breast,Alive,,46,,,No,No,No,1.0,1.0,752.0,752.0,IIB,brca
TCGA-A2-A0EY,Stage IIB,1925.0,A2,Breast,Alive,,62,,,No,No,No,1.0,1.0,1925.0,1925.0,IIB,brca
TCGA-A2-A0ST,Stage IIA,3017.0,A2,Breast,Alive,,62,,,No,No,No,1.0,1.0,3017.0,3017.0,IIA,brca
TCGA-A2-A0SU,Stage IIA,1662.0,A2,Breast,Alive,,66,,,No,No,No,1.0,1.0,1662.0,1662.0,IIA,brca
TCGA-A2-A0SV,Stage IV,825.0,A2,Breast,Dead,825.0,63,,,No,No,No,0.0,1.0,825.0,825.0,IV,brca
TCGA-A2-A0SY,Stage IIIA,1347.0,A2,Breast,Alive,,62,,,No,No,No,1.0,1.0,1347.0,1347.0,IIIA,brca
TCGA-A2-A0T0,Stage IIB,533.0,A2,Breast,Alive,,59,,,No,No,No,1.0,1.0,533.0,533.0,IIB,brca
TCGA-A2-A0T1,Stage IIIC,521.0,A2,Breast,Alive,,55,,,No,No,No,1.0,1.0,521.0,521.0,IIIC,brca
TCGA-A2-A0T2,Stage IV,255.0,A2,Breast,Dead,255.0,66,,,No,No,No,0.0,1.0,255.0,255.0,IV,brca
TCGA-A2-A0T3,Stage IB,1516.0,A2,Breast,Alive,,37,,,No,No,No,1.0,1.0,1516.0,1516.0,IB,brca
TCGA-A2-A0T4,Stage IIA,624.0,A2,Breast,Alive,,62,,,No,No,No,1.0,1.0,624.0,624.0,IIA,brca
TCGA-A2-A0T5,Stage IIA,531.0,A2,Breast,Alive,,39,,,No,No,No,1.0,1.0,531.0,531.0,IIA,brca
TCGA-A2-A0T6,Stage IIB,575.0,A2,Breast,Alive,,50,,,No,No,No,1.0,1.0,575.0,575.0,IIB,brca
TCGA-A2-A0T7,Stage IIA,631.0,A2,Breast,Alive,,51,,,No,No,No,1.0,1.0,631.0,631.0,IIA,brca
TCGA-A2-A0YC,Stage IIB,990.0,A2,Breast,Alive,,59,798.0,,Yes,Yes,No,1.0,0.0,990.0,798.0,IIB,brca
TCGA-A2-A0YD,Stage IIB,769.0,A2,Breast,Alive,,63,,,No,No,No,1.0,1.0,769.0,769.0,IIB,brca
TCGA-A2-A0YE,Stage IIB,554.0,A2,Breast,Alive,,48,,,No,No,No,1.0,1.0,554.0,554.0,IIB,brca
TCGA-A2-A0YF,Stage I,1535.0,A2,Breast,Alive,,67,,,No,No,No,1.0,1.0,1535.0,1535.0,I,brca
TCGA-A2-A0YG,Stage IIIC,666.0,A2,Breast,Alive,,63,,,No,No,No,1.0,1.0,666.0,666.0,IIIC,brca
TCGA-A2-A0YH,Stage IIIA,659.0,A2,Breast,Alive,,53,,,No,No,No,1.0,1.0,659.0,659.0,IIIA,brca
TCGA-A2-A0YI,Stage I,1505.0,A2,Breast,Alive,,62,,,No,No,No,1.0,1.0,1505.0,1505.0,I,brca
TCGA-A2-A0YJ,Stage IIIA,566.0,A2,Breast,Alive,,39,559.0,,Yes,Yes,No,1.0,0.0,566.0,559.0,IIIA,brca
TCGA-A2-A0YK,Stage IIA,588.0,A2,Breast,Alive,,61,,,No,No,No,1.0,1.0,588.0,588.0,IIA,brca
TCGA-A2-A0YL,Stage IIIA,1474.0,A2,Breast,Alive,,48,,,No,No,No,1.0,1.0,1474.0,1474.0,IIIA,brca
TCGA-A2-A0YM,Stage IIA,965.0,A2,Breast,Alive,,67,,,No,No,No,1.0,1.0,965.0,965.0,IIA,brca
TCGA-A2-A0YT,Stage IIIB,723.0,A2,Breast,Dead,723.0,56,,,No,No,No,0.0,1.0,723.0,723.0,IIIB,brca
TCGA-A2-A1FV,Stage IIB,714.0,A2,Breast,Alive,,74,,,No,No,No,1.0,1.0,714.0,714.0,IIB,brca
TCGA-A2-A1FW,Stage IIIA,528.0,A2,Breast,Alive,,62,,,No,No,No,1.0,1.0,528.0,528.0,IIIA,brca
TCGA-A2-A1FX,Stage IIIA,1847.0,A2,Breast,Alive,,61,,,No,No,No,1.0,1.0,1847.0,1847.0,IIIA,brca
TCGA-A2-A1FZ,Stage IIA,683.0,A2,Breast,Alive,,63,,,No,No,No,1.0,1.0,683.0,683.0,IIA,brca
TCGA-A2-A1G0,Stage IIB,616.0,A2,Breast,Alive,,49,,,No,No,No,1.0,1.0,616.0,616.0,IIB,brca
TCGA-A2-A1G1,Stage IIB,584.0,A2,Breast,Alive,,85,,,No,No,No,1.0,1.0,584.0,584.0,IIB,brca
TCGA-A2-A1G4,Stage IIIA,595.0,A2,Breast,Alive,,71,,,No,No,No,1.0,1.0,595.0,595.0,IIIA,brca
TCGA-A2-A1G6,Stage IIIA,501.0,A2,Breast,Alive,,50,,,No,No,No,1.0,1.0,501.0,501.0,IIIA,brca
TCGA-A2-A259,Stage I,1596.0,A2,Breast,Alive,,70,,,No,No,No,1.0,1.0,1596.0,1596.0,I,brca
TCGA-A2-A25A,Stage IIA,3276.0,A2,Breast,Alive,,44,,,No,No,No,1.0,1.0,3276.0,3276.0,IIA,brca
TCGA-A2-A25B,Stage IIB,1291.0,A2,Breast,Alive,,39,1290.0,,Yes,Yes,No,1.0,0.0,1291.0,1290.0,IIB,brca
TCGA-A2-A25C,Stage IIB,523.0,A2,Breast,Alive,,50,,,No,No,No,1.0,1.0,523.0,523.0,IIB,brca
TCGA-A2-A25D,Stage IIIC,0.0,A2,Breast,Alive,,89,,,No,No,No,1.0,1.0,0.0,0.0,IIIC,brca
TCGA-A2-A25E,Stage IIIA,3204.0,A2,Breast,Alive,,34,,2989.0,Yes,No,Yes,1.0,1.0,3204.0,3204.0,IIIA,brca
TCGA-A2-A25F,Stage IIA,322.0,A2,Breast,Alive,,66,,,No,No,No,1.0,1.0,322.0,322.0,IIA,brca
TCGA-A2-A3KC,Stage IIB,1102.0,A2,Breast,Alive,,55,,,No,No,No,1.0,1.0,1102.0,1102.0,IIB,brca
TCGA-A2-A3KD,Stage IIIA,1206.0,A2,Breast,Alive,,47,,,No,No,No,1.0,1.0,1206.0,1206.0,IIIA,brca
TCGA-A2-A3XS,Stage IIIA,1032.0,A2,Breast,Dead,1032.0,62,682.0,,Yes,Yes,No,0.0,0.0,1032.0,682.0,IIIA,brca
TCGA-A2-A3XT,Stage IIB,2770.0,A2,Breast,Alive,,45,,,No,No,No,1.0,1.0,2770.0,2770.0,IIB,brca
TCGA-A2-A3XU,Stage IIB,912.0,A2,Breast,Dead,912.0,35,574.0,596.0,Yes,Yes,Yes,0.0,0.0,912.0,574.0,IIB,brca
TCGA-A2-A3XV,Stage IIA,996.0,A2,Breast,Alive,,46,,,No,No,No,1.0,1.0,996.0,996.0,IIA,brca
TCGA-A2-A3XW,Stage IIB,1712.0,A2,Breast,Alive,,42,,,No,No,No,1.0,1.0,1712.0,1712.0,IIB,brca
TCGA-A2-A3XX,Stage IIA,1439.0,A2,Breast,Dead,1439.0,49,,,No,No,No,0.0,1.0,1439.0,1439.0,IIA,brca
TCGA-A2-A3XY,Stage IIB,1093.0,A2,Breast,Dead,1093.0,49,802.0,,Yes,Yes,No,0.0,0.0,1093.0,802.0,IIB,brca
TCGA-A2-A3XZ,Stage I,1532.0,A2,Breast,Alive,,46,,,No,No,No,1.0,1.0,1532.0,1532.0,I,brca
TCGA-A2-A3Y0,Stage IIB,1546.0,A2,Breast,Alive,,57,,,No,No,No,1.0,1.0,1546.0,1546.0,IIB,brca
TCGA-A2-A4RW,Stage IIIC,222.0,A2,Breast,Alive,,49,,,No,No,No,1.0,1.0,222.0,222.0,IIIC,brca
TCGA-A2-A4RX,Stage IIA,742.0,A2,Breast,Alive,,67,,,No,No,No,1.0,1.0,742.0,742.0,IIA,brca
TCGA-A2-A4RY,Stage IIIC,648.0,A2,Breast,Alive,,46,,,No,No,No,1.0,1.0,648.0,648.0,IIIC,brca
TCGA-A2-A4S0,Stage IIA,706.0,A2,Breast,Alive,,77,,,No,No,No,1.0,1.0,706.0,706.0,IIA,brca
TCGA-A2-A4S1,Stage IIA,820.0,A2,Breast,Alive,,66,,,No,No,No,1.0,1.0,820.0,820.0,IIA,brca
TCGA-A2-A4S2,Stage IIIA,643.0,A2,Breast,Alive,,62,,,No,No,No,1.0,1.0,643.0,643.0,IIIA,brca
TCGA-A2-A4S3,Stage IIB,666.0,A2,Breast,Alive,,59,,,No,No,No,1.0,1.0,666.0,666.0,IIB,brca
TCGA-A7-A0CD,Stage I,1165.0,A7,Breast,Alive,,66,,,No,No,No,1.0,1.0,1165.0,1165.0,I,brca
TCGA-A7-A0CE,Stage IIA,1074.0,A7,Breast,Alive,,57,,,No,No,No,1.0,1.0,1074.0,1074.0,IIA,brca
TCGA-A7-A0CG,Stage IIA,1043.0,A7,Breast,Alive,,78,,,No,No,No,1.0,1.0,1043.0,1043.0,IIA,brca
TCGA-A7-A0CH,Stage IIA,1079.0,A7,Breast,Alive,,79,,,No,No,No,1.0,1.0,1079.0,1079.0,IIA,brca
TCGA-A7-A0CJ,Stage IIA,931.0,A7,Breast,Alive,,57,,,No,No,No,1.0,1.0,931.0,931.0,IIA,brca
TCGA-A7-A0D9,Stage IIA,1139.0,A7,Breast,Alive,,37,,,No,No,No,1.0,1.0,1139.0,1139.0,IIA,brca
TCGA-A7-A0DA,Stage IIA,1085.0,A7,Breast,Alive,,62,,,No,No,No,1.0,1.0,1085.0,1085.0,IIA,brca
TCGA-A7-A0DB,Stage IIA,1007.0,A7,Breast,Alive,,56,,,No,No,No,1.0,1.0,1007.0,1007.0,IIA,brca
TCGA-A7-A13D,Stage IIA,965.0,A7,Breast,Alive,,46,,,No,No,No,1.0,1.0,965.0,965.0,IIA,brca
TCGA-A7-A13E,Stage IIB,614.0,A7,Breast,Dead,614.0,62,556.0,,Yes,Yes,No,0.0,0.0,614.0,556.0,IIB,brca
TCGA-A7-A13F,Stage IIIA,765.0,A7,Breast,Alive,,44,,,No,No,No,1.0,1.0,765.0,765.0,IIIA,brca
TCGA-A7-A13G,Stage IIA,718.0,A7,Breast,Alive,,79,,,No,No,No,1.0,1.0,718.0,718.0,IIA,brca
TCGA-A7-A13H,Stage IIB,899.0,A7,Breast,Alive,,61,,,No,No,No,1.0,1.0,899.0,899.0,IIB,brca
TCGA-A7-A26E,Stage IIIA,954.0,A7,Breast,Alive,,71,,,No,No,No,1.0,1.0,954.0,954.0,IIIA,brca
TCGA-A7-A26F,Stage IA,738.0,A7,Breast,Alive,,55,,,No,No,No,1.0,1.0,738.0,738.0,IA,brca
TCGA-A7-A26G,Stage IIA,722.0,A7,Breast,Alive,,50,,,No,No,No,1.0,1.0,722.0,722.0,IIA,brca
TCGA-A7-A26H,Stage IIA,724.0,A7,Breast,Alive,,72,291.0,,Yes,Yes,No,1.0,0.0,724.0,291.0,IIA,brca
TCGA-A7-A26I,Stage IIA,661.0,A7,Breast,Alive,,65,,,No,No,No,1.0,1.0,661.0,661.0,IIA,brca
TCGA-A7-A26J,Stage IIA,627.0,A7,Breast,Alive,,49,,,No,No,No,1.0,1.0,627.0,627.0,IIA,brca
TCGA-A7-A2KD,Stage IIIA,679.0,A7,Breast,Alive,,53,,,No,No,No,1.0,1.0,679.0,679.0,IIIA,brca
TCGA-A7-A3IY,Stage I,345.0,A7,Breast,Alive,,71,,,No,No,No,1.0,1.0,345.0,345.0,I,brca
TCGA-A7-A3IZ,Stage IIA,322.0,A7,Breast,Alive,,62,,,No,No,No,1.0,1.0,322.0,322.0,IIA,brca
TCGA-A7-A3J0,Stage IIA,313.0,A7,Breast,Alive,,62,,,No,No,No,1.0,1.0,313.0,313.0,IIA,brca
TCGA-A7-A3J1,Stage IA,343.0,A7,Breast,Alive,,63,,,No,No,No,1.0,1.0,343.0,343.0,IA,brca
TCGA-A7-A3RF,Stage IIA,408.0,A7,Breast,Alive,,79,174.0,,Yes,Yes,No,1.0,0.0,408.0,174.0,IIA,brca
TCGA-A7-A425,Stage IIIC,447.0,A7,Breast,Alive,,70,443.0,419.0,Yes,Yes,Yes,1.0,0.0,447.0,443.0,IIIC,brca
TCGA-A7-A426,Stage IIIC,364.0,A7,Breast,Alive,,50,,,No,No,No,1.0,1.0,364.0,364.0,IIIC,brca
TCGA-A7-A4SA,Stage IIB,454.0,A7,Breast,Alive,,40,,,No,No,No,1.0,1.0,454.0,454.0,IIB,brca
TCGA-A7-A4SB,Stage IIIA,418.0,A7,Breast,Alive,,56,,,No,No,No,1.0,1.0,418.0,418.0,IIIA,brca
TCGA-A7-A4SC,Stage IIB,446.0,A7,Breast,Alive,,62,,,No,No,No,1.0,1.0,446.0,446.0,IIB,brca
TCGA-A7-A4SD,Stage IIA,441.0,A7,Breast,Alive,,52,,,No,No,No,1.0,1.0,441.0,441.0,IIA,brca
TCGA-A7-A4SE,Stage IIA,644.0,A7,Breast,Alive,,54,,,No,No,No,1.0,1.0,644.0,644.0,IIA,brca
TCGA-A7-A4SF,Stage IIA,545.0,A7,Breast,Alive,,54,,,No,No,No,1.0,1.0,545.0,545.0,IIA,brca
TCGA-A7-A56D,Stage IIA,448.0,A7,Breast,Alive,,84,,,No,No,No,1.0,1.0,448.0,448.0,IIA,brca
TCGA-A7-A5ZV,Stage IIA,368.0,A7,Breast,Alive,,62,,,No,No,No,1.0,1.0,368.0,368.0,IIA,brca
TCGA-A7-A5ZW,Stage IIA,326.0,A7,Breast,Alive,,47,,,No,No,No,1.0,1.0,326.0,326.0,IIA,brca
TCGA-A7-A5ZX,Stage IIIC,336.0,A7,Breast,Alive,,48,,,No,No,No,1.0,1.0,336.0,336.0,IIIC,brca
TCGA-A7-A6VV,Stage IIA,313.0,A7,Breast,Alive,,51,,,No,No,No,1.0,1.0,313.0,313.0,IIA,brca
TCGA-A7-A6VW,Stage IIA,285.0,A7,Breast,Alive,,48,,,No,No,No,1.0,1.0,285.0,285.0,IIA,brca
TCGA-A7-A6VX,Stage IIA,317.0,A7,Breast,Alive,,68,,,No,No,No,1.0,1.0,317.0,317.0,IIA,brca
TCGA-A7-A6VY,Stage IIB,266.0,A7,Breast,Alive,,48,,,No,No,No,1.0,1.0,266.0,266.0,IIB,brca
TCGA-A8-A06N,Stage IIIB,0.0,A8,Breast,Alive,,66,,,No,No,No,1.0,1.0,0.0,0.0,IIIB,brca
TCGA-A8-A06O,Stage I,396.0,A8,Breast,Alive,,60,,,No,No,No,1.0,1.0,396.0,396.0,I,brca
TCGA-A8-A06P,Stage IIIA,396.0,A8,Breast,Alive,,63,,,No,No,No,1.0,1.0,396.0,396.0,IIIA,brca
TCGA-A8-A06Q,Stage IIIA,31.0,A8,Breast,Alive,,63,,,No,No,No,1.0,1.0,31.0,31.0,IIIA,brca
TCGA-A8-A06R,Stage IIB,547.0,A8,Breast,Alive,,69,,,No,No,No,1.0,1.0,547.0,547.0,IIB,brca
TCGA-A8-A06T,Stage IIIA,1614.0,A8,Breast,Alive,,74,,,No,No,No,1.0,1.0,1614.0,1614.0,IIIA,brca
TCGA-A8-A06U,Stage IIB,883.0,A8,Breast,Dead,883.0,80,,,No,No,No,0.0,1.0,883.0,883.0,IIB,brca
TCGA-A8-A06X,Stage IIB,943.0,A8,Breast,Dead,943.0,77,,,No,No,No,0.0,1.0,943.0,943.0,IIB,brca
TCGA-A8-A06Z,Stage IIB,31.0,A8,Breast,Alive,,84,,,No,No,No,1.0,1.0,31.0,31.0,IIB,brca
TCGA-A8-A075,Stage IIB,518.0,A8,Breast,Alive,,42,,,No,No,No,1.0,1.0,518.0,518.0,IIB,brca
TCGA-A8-A076,Stage IIA,1642.0,A8,Breast,Alive,,66,,,No,No,No,1.0,1.0,1642.0,1642.0,IIA,brca
TCGA-A8-A079,Stage IIIB,274.0,A8,Breast,Alive,,69,,,No,No,No,1.0,1.0,274.0,274.0,IIIB,brca
TCGA-A8-A07B,Stage IIA,1308.0,A8,Breast,Alive,,69,,,No,No,No,1.0,1.0,1308.0,1308.0,IIA,brca
TCGA-A8-A07C,Stage IIA,1034.0,A8,Breast,Alive,,57,,,No,No,No,1.0,1.0,1034.0,1034.0,IIA,brca
TCGA-A8-A07E,Stage X,608.0,A8,Breast,Alive,,81,,,No,No,No,1.0,1.0,608.0,608.0,X,brca
TCGA-A8-A07F,Stage IIB,577.0,A8,Breast,Alive,,65,,,No,No,No,1.0,1.0,577.0,577.0,IIB,brca
TCGA-A8-A07G,Stage IIA,577.0,A8,Breast,Alive,,65,,,No,No,No,1.0,1.0,577.0,577.0,IIA,brca
TCGA-A8-A07I,Stage IIIA,426.0,A8,Breast,Alive,,69,,,No,No,No,1.0,1.0,426.0,426.0,IIIA,brca
TCGA-A8-A07J,Stage IIB,365.0,A8,Breast,Alive,,35,,,No,No,No,1.0,1.0,365.0,365.0,IIB,brca
TCGA-A8-A07L,Stage IIIA,975.0,A8,Breast,Alive,,58,,,No,No,No,1.0,1.0,975.0,975.0,IIIA,brca
TCGA-A8-A07O,Stage IIA,304.0,A8,Breast,Alive,,51,,,No,No,No,1.0,1.0,304.0,304.0,IIA,brca
TCGA-A8-A07P,Stage IIB,334.0,A8,Breast,Alive,,68,,,No,No,No,1.0,1.0,334.0,334.0,IIB,brca
TCGA-A8-A07R,Stage IIIC,273.0,A8,Breast,Alive,,80,,,No,No,No,1.0,1.0,273.0,273.0,IIIC,brca
TCGA-A8-A07S,Stage IIA,243.0,A8,Breast,Alive,,73,,,No,No,No,1.0,1.0,243.0,243.0,IIA,brca
TCGA-A8-A07U,Stage IIIA,760.0,A8,Breast,Alive,,66,,,No,No,No,1.0,1.0,760.0,760.0,IIIA,brca
TCGA-A8-A07W,Stage IV,304.0,A8,Breast,Alive,,76,,,No,No,No,1.0,1.0,304.0,304.0,IV,brca
TCGA-A8-A07Z,Stage IIA,1371.0,A8,Breast,Alive,,85,,,No,No,No,1.0,1.0,1371.0,1371.0,IIA,brca
TCGA-A8-A081,Stage IIA,0.0,A8,Breast,Alive,,80,,,No,No,No,1.0,1.0,0.0,0.0,IIA,brca
TCGA-A8-A082,Stage IIB,549.0,A8,Breast,Alive,,58,,,No,No,No,1.0,1.0,549.0,549.0,IIB,brca
TCGA-A8-A083,Stage IIB,0.0,A8,Breast,Alive,,67,,,No,No,No,1.0,1.0,0.0,0.0,IIB,brca
TCGA-A8-A084,Stage IIB,458.0,A8,Breast,Alive,,81,,,No,No,No,1.0,1.0,458.0,458.0,IIB,brca
TCGA-A8-A085,Stage IIB,1124.0,A8,Breast,Alive,,44,,,No,No,No,1.0,1.0,1124.0,1124.0,IIB,brca
TCGA-A8-A086,Stage IIA,396.0,A8,Breast,Alive,,59,,,No,No,No,1.0,1.0,396.0,396.0,IIA,brca
TCGA-A8-A08A,Stage I,30.0,A8,Breast,Alive,,89,,,No,No,No,1.0,1.0,30.0,30.0,I,brca
TCGA-A8-A08B,Stage IIA,1156.0,A8,Breast,Alive,,52,,,No,No,No,1.0,1.0,1156.0,1156.0,IIA,brca
TCGA-A8-A08C,Stage IIA,881.0,A8,Breast,Alive,,65,,,No,No,No,1.0,1.0,881.0,881.0,IIA,brca
TCGA-A8-A08F,Stage IIIC,1004.0,A8,Breast,Alive,,59,,,No,No,No,1.0,1.0,1004.0,1004.0,IIIC,brca
TCGA-A8-A08G,Stage IIA,607.0,A8,Breast,Alive,,41,,,No,No,No,1.0,1.0,607.0,607.0,IIA,brca
TCGA-A8-A08H,Stage IIA,0.0,A8,Breast,Alive,,66,,,No,No,No,1.0,1.0,0.0,0.0,IIA,brca
TCGA-A8-A08I,Stage IIA,365.0,A8,Breast,Alive,,53,,,No,No,No,1.0,1.0,365.0,365.0,IIA,brca
TCGA-A8-A08J,Stage IV,1127.0,A8,Breast,Dead,1127.0,52,,,No,No,No,0.0,1.0,1127.0,1127.0,IV,brca
TCGA-A8-A08L,Stage IIIA,30.0,A8,Breast,Dead,30.0,89,,,No,No,No,0.0,1.0,30.0,30.0,IIIA,brca
TCGA-A8-A08P,Stage IIIA,943.0,A8,Breast,Alive,,70,,,No,No,No,1.0,1.0,943.0,943.0,IIIA,brca
TCGA-A8-A08R,Stage IIB,30.0,A8,Breast,Alive,,52,,,No,No,No,1.0,1.0,30.0,30.0,IIB,brca
TCGA-A8-A08S,Stage IIA,1004.0,A8,Breast,Alive,,71,,,No,No,No,1.0,1.0,1004.0,1004.0,IIA,brca
TCGA-A8-A090,Stage IIA,0.0,A8,Breast,Alive,,74,,,No,No,No,1.0,1.0,0.0,0.0,IIA,brca
TCGA-A8-A092,Stage IIIA,942.0,A8,Breast,Alive,,48,,,No,No,No,1.0,1.0,942.0,942.0,IIIA,brca
TCGA-A8-A093,Stage IIA,546.0,A8,Breast,Alive,,61,,,No,No,No,1.0,1.0,546.0,546.0,IIA,brca
TCGA-A8-A094,Stage IIA,0.0,A8,Breast,Alive,,75,,,No,No,No,1.0,1.0,0.0,0.0,IIA,brca
TCGA-A8-A095,Stage I,1277.0,A8,Breast,Alive,,45,,,No,No,No,1.0,1.0,1277.0,1277.0,I,brca
TCGA-A8-A096,Stage IIA,0.0,A8,Breast,Alive,,73,,,No,No,No,1.0,1.0,0.0,0.0,IIA,brca
TCGA-A8-A097,Stage IIB,365.0,A8,Breast,Alive,,64,,,No,No,No,1.0,1.0,365.0,365.0,IIB,brca
TCGA-A8-A099,Stage X,304.0,A8,Breast,Alive,,76,,,No,No,No,1.0,1.0,304.0,304.0,X,brca
TCGA-A8-A09A,Stage X,304.0,A8,Breast,Alive,,40,,,No,No,No,1.0,1.0,304.0,304.0,X,brca
TCGA-A8-A09B,Stage IIIB,365.0,A8,Breast,Alive,,58,,,No,No,No,1.0,1.0,365.0,365.0,IIIB,brca
TCGA-A8-A09C,Stage X,31.0,A8,Breast,Alive,,69,,,No,No,No,1.0,1.0,31.0,31.0,X,brca
TCGA-A8-A09D,Stage IIB,1522.0,A8,Breast,Alive,,47,,,No,No,No,1.0,1.0,1522.0,1522.0,IIB,brca
TCGA-A8-A09E,Stage IIIB,1492.0,A8,Breast,Alive,,73,,,No,No,No,1.0,1.0,1492.0,1492.0,IIIB,brca
TCGA-A8-A09G,Stage IIIC,0.0,A8,Breast,Alive,,79,,,No,No,No,1.0,1.0,0.0,0.0,IIIC,brca
TCGA-A8-A09I,Stage IIA,1371.0,A8,Breast,Alive,,84,,,No,No,No,1.0,1.0,1371.0,1371.0,IIA,brca
TCGA-A8-A09K,Stage IIA,912.0,A8,Breast,Alive,,68,,,No,No,No,1.0,1.0,912.0,912.0,IIA,brca
TCGA-A8-A09M,Stage IIIC,1006.0,A8,Breast,Alive,,75,,,No,No,No,1.0,1.0,1006.0,1006.0,IIIC,brca
TCGA-A8-A09N,Stage IIIC,31.0,A8,Breast,Alive,,57,,,No,No,No,1.0,1.0,31.0,31.0,IIIC,brca
TCGA-A8-A09Q,Stage IIIB,761.0,A8,Breast,Alive,,83,,,No,No,No,1.0,1.0,761.0,761.0,IIIB,brca
TCGA-A8-A09R,Stage IIB,273.0,A8,Breast,Alive,,82,,,No,No,No,1.0,1.0,273.0,273.0,IIB,brca
TCGA-A8-A09V,Stage IIA,457.0,A8,Breast,Alive,,51,,,No,No,No,1.0,1.0,457.0,457.0,IIA,brca
TCGA-A8-A09W,Stage IIIB,30.0,A8,Breast,Alive,,70,,,No,No,No,1.0,1.0,30.0,30.0,IIIB,brca
TCGA-A8-A09X,Stage IIIC,426.0,A8,Breast,Dead,426.0,62,,,No,No,No,0.0,1.0,426.0,426.0,IIIC,brca
TCGA-A8-A09Z,Stage IIB,0.0,A8,Breast,Alive,,83,,,No,No,No,1.0,1.0,0.0,0.0,IIB,brca
TCGA-A8-A0A1,Stage IIA,365.0,A8,Breast,Alive,,84,,,No,No,No,1.0,1.0,365.0,365.0,IIA,brca
TCGA-A8-A0A2,Stage IIA,579.0,A8,Breast,Alive,,66,,,No,No,No,1.0,1.0,579.0,579.0,IIA,brca
TCGA-A8-A0A4,Stage IIA,396.0,A8,Breast,Alive,,73,,,No,No,No,1.0,1.0,396.0,396.0,IIA,brca
TCGA-A8-A0A6,Stage IIIC,640.0,A8,Breast,Alive,,64,,,No,No,No,1.0,1.0,640.0,640.0,IIIC,brca
TCGA-A8-A0A7,Stage IIB,30.0,A8,Breast,Alive,,57,,,No,No,No,1.0,1.0,30.0,30.0,IIB,brca
TCGA-A8-A0A9,Stage IIA,822.0,A8,Breast,Alive,,80,,,No,No,No,1.0,1.0,822.0,822.0,IIA,brca
TCGA-A8-A0AB,Stage IIA,518.0,A8,Breast,Alive,,54,,,No,No,No,1.0,1.0,518.0,518.0,IIA,brca
TCGA-A8-A0AD,Stage I,1157.0,A8,Breast,Alive,,83,,,No,No,No,1.0,1.0,1157.0,1157.0,I,brca
TCGA-AC-A23C,Stage IIB,585.0,AC,Breast,Alive,,62,,,No,No,No,1.0,1.0,585.0,585.0,IIB,brca
TCGA-AC-A23E,Stage IIB,698.0,AC,Breast,Alive,,50,,,No,No,No,1.0,1.0,698.0,698.0,IIB,brca
TCGA-AC-A23G,Stage IIA,2248.0,AC,Breast,Alive,,76,,,No,No,No,1.0,1.0,2248.0,2248.0,IIA,brca
TCGA-AC-A23H,Stage IIA,0.0,AC,Breast,Dead,0.0,89,,,No,No,No,0.0,1.0,0.0,0.0,IIA,brca
TCGA-AC-A2B8,Stage IIB,677.0,AC,Breast,Alive,,84,,,No,No,No,1.0,1.0,677.0,677.0,IIB,brca
TCGA-AC-A2BK,Stage IIIA,2222.0,AC,Breast,Alive,,78,,,No,No,No,1.0,1.0,2222.0,2222.0,IIIA,brca
TCGA-AC-A2BM,Stage IIB,3022.0,AC,Breast,Alive,,41,,,No,No,No,1.0,1.0,3022.0,3022.0,IIB,brca
TCGA-AC-A2FB,Stage IIA,1234.0,AC,Breast,Alive,,65,,,No,No,No,1.0,1.0,1234.0,1234.0,IIA,brca
TCGA-AC-A2FE,Stage IIIC,2636.0,AC,Breast,Dead,2636.0,62,766.0,,Yes,Yes,No,0.0,0.0,2636.0,766.0,IIIC,brca
TCGA-AC-A2FF,Stage IIB,2759.0,AC,Breast,Alive,,40,,,No,No,No,1.0,1.0,2759.0,2759.0,IIB,brca
TCGA-AC-A2FG,Stage IIB,1853.0,AC,Breast,Alive,,79,,,No,No,No,1.0,1.0,1853.0,1853.0,IIB,brca
TCGA-AC-A2FK,Stage IIIC,2650.0,AC,Breast,Alive,,45,,,No,No,No,1.0,1.0,2650.0,2650.0,IIIC,brca
TCGA-AC-A2FM,Stage IIB,792.0,AC,Breast,Dead,792.0,87,780.0,,Yes,Yes,No,0.0,0.0,792.0,780.0,IIB,brca
TCGA-AC-A2FO,Stage IIB,2255.0,AC,Breast,Alive,,65,,,No,No,No,1.0,1.0,2255.0,2255.0,IIB,brca
TCGA-AC-A2QH,Stage IIB,1005.0,AC,Breast,Alive,,58,,,No,No,No,1.0,1.0,1005.0,1005.0,IIB,brca
TCGA-AC-A2QI,Stage IIIA,588.0,AC,Breast,Alive,,76,,,No,No,No,1.0,1.0,588.0,588.0,IIIA,brca
TCGA-AC-A2QJ,Stage IIIB,446.0,AC,Breast,Dead,446.0,48,237.0,,Yes,Yes,No,0.0,0.0,446.0,237.0,IIIB,brca
TCGA-AC-A3BB,Stage IIIA,987.0,AC,Breast,Alive,,46,,,No,No,No,1.0,1.0,987.0,987.0,IIIA,brca
TCGA-AC-A3EH,Stage IIIC,197.0,AC,Breast,Dead,197.0,79,,,No,No,No,0.0,1.0,197.0,197.0,IIIC,brca
TCGA-AC-A3HN,Stage IIB,496.0,AC,Breast,Alive,,87,,,No,No,No,1.0,1.0,496.0,496.0,IIB,brca
TCGA-AC-A3OD,Stage IIB,451.0,AC,Breast,Alive,,68,,,No,No,No,1.0,1.0,451.0,451.0,IIB,brca
TCGA-AC-A3QP,Stage IIB,675.0,AC,Breast,Alive,,79,,,No,No,No,1.0,1.0,675.0,675.0,IIB,brca
TCGA-AC-A3QQ,Stage IA,734.0,AC,Breast,Alive,,53,,,No,No,No,1.0,1.0,734.0,734.0,IA,brca
TCGA-AC-A3TM,Stage IIIA,762.0,AC,Breast,Alive,,50,,,No,No,No,1.0,1.0,762.0,762.0,IIIA,brca
TCGA-AC-A3TN,Stage IIB,456.0,AC,Breast,Alive,,75,,,No,No,No,1.0,1.0,456.0,456.0,IIB,brca
TCGA-AC-A3W5,Stage IIA,504.0,AC,Breast,Alive,,65,,,No,No,No,1.0,1.0,504.0,504.0,IIA,brca
TCGA-AC-A3W6,Stage IIIA,0.0,AC,Breast,Alive,,89,,,No,No,No,1.0,1.0,0.0,0.0,IIIA,brca
TCGA-AC-A3W7,Stage IIB,471.0,AC,Breast,Alive,,66,,,No,No,No,1.0,1.0,471.0,471.0,IIB,brca
TCGA-AC-A3YI,Stage IIIC,707.0,AC,Breast,Alive,,74,,,No,No,No,1.0,1.0,707.0,707.0,IIIC,brca
TCGA-AC-A3YJ,Stage IIA,754.0,AC,Breast,Alive,,66,,,No,No,No,1.0,1.0,754.0,754.0,IIA,brca
TCGA-AC-A4ZE,Stage IIB,890.0,AC,Breast,Alive,,63,,,No,No,No,1.0,1.0,890.0,890.0,IIB,brca
TCGA-AC-A5EH,Stage IIB,511.0,AC,Breast,Alive,,76,,,No,No,No,1.0,1.0,511.0,511.0,IIB,brca
TCGA-AC-A5EI,Stage IB,442.0,AC,Breast,Alive,,88,,,No,No,No,1.0,1.0,442.0,442.0,IB,brca
TCGA-AC-A5XS,Stage IIA,588.0,AC,Breast,Alive,,74,,,No,No,No,1.0,1.0,588.0,588.0,IIA,brca
TCGA-AC-A5XU,Stage IIB,455.0,AC,Breast,Alive,,74,,,No,No,No,1.0,1.0,455.0,455.0,IIB,brca
TCGA-AC-A62V,Stage IV,348.0,AC,Breast,Dead,348.0,58,,,No,No,No,0.0,1.0,348.0,348.0,IV,brca
TCGA-AC-A62X,Stage IIA,417.0,AC,Breast,Alive,,72,,,No,No,No,1.0,1.0,417.0,417.0,IIA,brca
TCGA-AC-A62Y,Stage IIB,530.0,AC,Breast,Alive,,79,,,No,No,No,1.0,1.0,530.0,530.0,IIB,brca
TCGA-AC-A6IV,Stage IIB,568.0,AC,Breast,Alive,,47,,,No,No,No,1.0,1.0,568.0,568.0,IIB,brca
TCGA-AC-A6IW,Stage IIA,413.0,AC,Breast,Alive,,73,,,No,No,No,1.0,1.0,413.0,413.0,IIA,brca
TCGA-AC-A6IX,Stage IIIC,373.0,AC,Breast,Alive,,49,,,No,No,No,1.0,1.0,373.0,373.0,IIIC,brca
TCGA-AC-A6NO,Stage IIB,51.0,AC,Breast,Alive,,43,,,No,No,No,1.0,1.0,51.0,51.0,IIB,brca
TCGA-AC-A7VB,Stage IIA,250.0,AC,Breast,Alive,,51,,,No,No,No,1.0,1.0,250.0,250.0,IIA,brca
TCGA-AC-A7VC,Stage IIB,1.0,AC,Breast,Alive,,56,,,No,No,No,1.0,1.0,1.0,1.0,IIB,brca
TCGA-AC-A8OP,Stage IA,614.0,AC,Breast,Alive,,72,,,No,No,No,1.0,1.0,614.0,614.0,IA,brca
TCGA-AC-A8OQ,Stage IIB,34.0,AC,Breast,Alive,,72,,,No,No,No,1.0,1.0,34.0,34.0,IIB,brca
TCGA-AC-A8OR,Stage IA,40.0,AC,Breast,Alive,,75,,,No,No,No,1.0,1.0,40.0,40.0,IA,brca
TCGA-AC-A8OS,Stage IIA,70.0,AC,Breast,Alive,,71,,,No,No,No,1.0,1.0,70.0,70.0,IIA,brca
TCGA-AN-A03X,Stage IIA,10.0,AN,Breast,Alive,,74,,,No,No,No,1.0,1.0,10.0,10.0,IIA,brca
TCGA-AN-A03Y,Stage IIA,10.0,AN,Breast,Alive,,66,,,No,No,No,1.0,1.0,10.0,10.0,IIA,brca
TCGA-AN-A041,Stage IIB,7.0,AN,Breast,Alive,,29,,,No,No,No,1.0,1.0,7.0,7.0,IIB,brca
TCGA-AN-A046,Stage IIA,10.0,AN,Breast,Alive,,68,,,No,No,No,1.0,1.0,10.0,10.0,IIA,brca
TCGA-AN-A049,Stage IIA,19.0,AN,Breast,Alive,,62,,,No,No,No,1.0,1.0,19.0,19.0,IIA,brca
TCGA-AN-A04A,Stage IIIA,90.0,AN,Breast,Alive,,36,,,No,No,No,1.0,1.0,90.0,90.0,IIIA,brca
TCGA-AN-A04C,Stage IIB,54.0,AN,Breast,Alive,,51,,,No,No,No,1.0,1.0,54.0,54.0,IIB,brca
TCGA-AN-A04D,Stage IIB,52.0,AN,Breast,Alive,,58,,,No,No,No,1.0,1.0,52.0,52.0,IIB,brca
TCGA-AN-A0AJ,Stage IIB,303.0,AN,Breast,Alive,,79,,,No,No,No,1.0,1.0,303.0,303.0,IIB,brca
TCGA-AN-A0AK,Stage IIA,224.0,AN,Breast,Alive,,76,,,No,No,No,1.0,1.0,224.0,224.0,IIA,brca
TCGA-AN-A0AL,Stage IIIB,227.0,AN,Breast,Alive,,41,,,No,No,No,1.0,1.0,227.0,227.0,IIIB,brca
TCGA-AN-A0AM,Stage IIA,5.0,AN,Breast,Alive,,56,,,No,No,No,1.0,1.0,5.0,5.0,IIA,brca
TCGA-AN-A0AR,Stage IIA,10.0,AN,Breast,Alive,,55,,,No,No,No,1.0,1.0,10.0,10.0,IIA,brca
TCGA-AN-A0AS,Stage IIIA,10.0,AN,Breast,Alive,,70,,,No,No,No,1.0,1.0,10.0,10.0,IIIA,brca
TCGA-AN-A0AT,Stage IIA,10.0,AN,Breast,Alive,,62,,,No,No,No,1.0,1.0,10.0,10.0,IIA,brca
TCGA-AN-A0FD,Stage IIA,196.0,AN,Breast,Alive,,71,,,No,No,No,1.0,1.0,196.0,196.0,IIA,brca
TCGA-AN-A0FF,Stage IA,172.0,AN,Breast,Alive,,32,,,No,No,No,1.0,1.0,172.0,172.0,IA,brca
TCGA-AN-A0FJ,Stage IV,242.0,AN,Breast,Alive,,59,,,No,No,No,1.0,1.0,242.0,242.0,IV,brca
TCGA-AN-A0FK,Stage IIIB,213.0,AN,Breast,Alive,,88,,,No,No,No,1.0,1.0,213.0,213.0,IIIB,brca
TCGA-AN-A0FL,Stage IIA,231.0,AN,Breast,Alive,,62,,,No,No,No,1.0,1.0,231.0,231.0,IIA,brca
TCGA-AN-A0FN,Stage IA,218.0,AN,Breast,Alive,,61,,,No,No,No,1.0,1.0,218.0,218.0,IA,brca
TCGA-AN-A0FS,Stage IA,210.0,AN,Breast,Alive,,55,,,No,No,No,1.0,1.0,210.0,210.0,IA,brca
TCGA-AN-A0FT,Stage IIB,214.0,AN,Breast,Alive,,63,,,No,No,No,1.0,1.0,214.0,214.0,IIB,brca
TCGA-AN-A0FV,Stage IIA,10.0,AN,Breast,Alive,,58,,,No,No,No,1.0,1.0,10.0,10.0,IIA,brca
TCGA-AN-A0FW,Stage IIIA,11.0,AN,Breast,Alive,,67,,,No,No,No,1.0,1.0,11.0,11.0,IIIA,brca
TCGA-AN-A0FX,Stage IIA,10.0,AN,Breast,Alive,,52,,,No,No,No,1.0,1.0,10.0,10.0,IIA,brca
TCGA-AN-A0FY,Stage IA,10.0,AN,Breast,Alive,,55,,,No,No,No,1.0,1.0,10.0,10.0,IA,brca
TCGA-AN-A0FZ,Stage IIIA,10.0,AN,Breast,Alive,,45,,,No,No,No,1.0,1.0,10.0,10.0,IIIA,brca
TCGA-AN-A0G0,Stage IIA,16.0,AN,Breast,Alive,,56,,,No,No,No,1.0,1.0,16.0,16.0,IIA,brca
TCGA-AN-A0XL,Stage IIA,163.0,AN,Breast,Alive,,61,,,No,No,No,1.0,1.0,163.0,163.0,IIA,brca
TCGA-AN-A0XN,Stage IIIA,10.0,AN,Breast,Alive,,68,,,No,No,No,1.0,1.0,10.0,10.0,IIIA,brca
TCGA-AN-A0XO,Stage IIIA,375.0,AN,Breast,Alive,,59,,,No,No,No,1.0,1.0,375.0,375.0,IIIA,brca
TCGA-AN-A0XP,Stage IIIA,9.0,AN,Breast,Alive,,69,,,No,No,No,1.0,1.0,9.0,9.0,IIIA,brca
TCGA-AN-A0XR,Stage IIIA,10.0,AN,Breast,Alive,,55,,,No,No,No,1.0,1.0,10.0,10.0,IIIA,brca
TCGA-AN-A0XS,Stage IIIA,10.0,AN,Breast,Alive,,63,,,No,No,No,1.0,1.0,10.0,10.0,IIIA,brca
TCGA-AN-A0XT,Stage IIIA,10.0,AN,Breast,Alive,,54,,,No,No,No,1.0,1.0,10.0,10.0,IIIA,brca
TCGA-AN-A0XU,Stage IIA,10.0,AN,Breast,Alive,,54,,,No,No,No,1.0,1.0,10.0,10.0,IIA,brca
TCGA-AN-A0XV,Stage IIIA,162.0,AN,Breast,Alive,,67,,,No,No,No,1.0,1.0,162.0,162.0,IIIA,brca
TCGA-AN-A0XW,Stage IIIA,170.0,AN,Breast,Alive,,36,,,No,No,No,1.0,1.0,170.0,170.0,IIIA,brca
TCGA-AO-A03L,Stage IIIA,2442.0,AO,Breast,Alive,,34,,,No,No,No,1.0,1.0,2442.0,2442.0,IIIA,brca
TCGA-AO-A03M,Stage I,1866.0,AO,Breast,Alive,,29,,,No,No,No,1.0,1.0,1866.0,1866.0,I,brca
TCGA-AO-A03O,Stage IIA,2483.0,AO,Breast,Dead,2483.0,69,,,No,No,No,0.0,1.0,2483.0,2483.0,IIA,brca
TCGA-AO-A03P,Stage IIB,2911.0,AO,Breast,Dead,2911.0,54,1922.0,,Yes,Yes,No,0.0,0.0,2911.0,1922.0,IIB,brca
TCGA-AO-A03R,Stage IIB,2091.0,AO,Breast,Alive,,57,,,No,No,No,1.0,1.0,2091.0,2091.0,IIB,brca
TCGA-AO-A03T,Stage IIB,2124.0,AO,Breast,Alive,,42,,,No,No,No,1.0,1.0,2124.0,2124.0,IIB,brca
TCGA-AO-A03U,Stage I,1793.0,AO,Breast,Dead,1793.0,31,,,No,No,No,0.0,1.0,1793.0,1793.0,I,brca
TCGA-AO-A03V,Stage I,1351.0,AO,Breast,Alive,,41,,,No,No,No,1.0,1.0,1351.0,1351.0,I,brca
TCGA-AO-A0J2,Stage IA,997.0,AO,Breast,Alive,,41,,,No,No,No,1.0,1.0,997.0,997.0,IA,brca
TCGA-AO-A0J3,Stage IIB,651.0,AO,Breast,Alive,,67,,,No,No,No,1.0,1.0,651.0,651.0,IIB,brca
TCGA-AO-A0J4,Stage IA,1587.0,AO,Breast,Alive,,41,,,No,No,No,1.0,1.0,1587.0,1587.0,IA,brca
TCGA-AO-A0J5,Stage IV,792.0,AO,Breast,Dead,792.0,48,,,No,No,No,0.0,1.0,792.0,792.0,IV,brca
TCGA-AO-A0J6,Stage IIA,1140.0,AO,Breast,Alive,,61,,,No,No,No,1.0,1.0,1140.0,1140.0,IIA,brca
TCGA-AO-A0J7,Stage IIB,618.0,AO,Breast,Alive,,71,,,No,No,No,1.0,1.0,618.0,618.0,IIB,brca
TCGA-AO-A0J8,Stage IIA,680.0,AO,Breast,Alive,,61,,,No,No,No,1.0,1.0,680.0,680.0,IIA,brca
TCGA-AO-A0J9,Stage IIIC,1613.0,AO,Breast,Alive,,61,1066.0,,Yes,Yes,No,1.0,0.0,1613.0,1066.0,IIIC,brca
TCGA-AO-A0JA,Stage IIIC,655.0,AO,Breast,Alive,,36,143.0,,Yes,Yes,No,1.0,0.0,655.0,143.0,IIIC,brca
TCGA-AO-A0JB,Stage IIIA,1542.0,AO,Breast,Alive,,50,,,No,No,No,1.0,1.0,1542.0,1542.0,IIIA,brca
TCGA-AO-A0JC,Stage IIA,1547.0,AO,Breast,Alive,,64,,,No,No,No,1.0,1.0,1547.0,1547.0,IIA,brca
TCGA-AO-A0JD,Stage IIIA,2190.0,AO,Breast,Alive,,59,,,No,No,No,1.0,1.0,2190.0,2190.0,IIIA,brca
TCGA-AO-A0JE,Stage IIIA,2335.0,AO,Breast,Alive,,53,,,No,No,No,1.0,1.0,2335.0,2335.0,IIIA,brca
TCGA-AO-A0JF,Stage IIA,1980.0,AO,Breast,Alive,,68,,,No,No,No,1.0,1.0,1980.0,1980.0,IIA,brca
TCGA-AO-A0JG,Stage IIIA,798.0,AO,Breast,Alive,,49,,,No,No,No,1.0,1.0,798.0,798.0,IIIA,brca
TCGA-AO-A0JI,Stage IIA,1528.0,AO,Breast,Alive,,56,,,No,No,No,1.0,1.0,1528.0,1528.0,IIA,brca
TCGA-AO-A0JJ,Stage IIB,1887.0,AO,Breast,Alive,,54,,,No,No,No,1.0,1.0,1887.0,1887.0,IIB,brca
TCGA-AO-A0JL,Stage IIIA,1683.0,AO,Breast,Alive,,59,,,No,No,No,1.0,1.0,1683.0,1683.0,IIIA,brca
TCGA-AO-A0JM,Stage IIB,2184.0,AO,Breast,Alive,,40,,,No,No,No,1.0,1.0,2184.0,2184.0,IIB,brca
TCGA-AO-A124,Stage IIA,3506.0,AO,Breast,Alive,,38,,,No,No,No,1.0,1.0,3506.0,3506.0,IIA,brca
TCGA-AO-A125,Stage IIA,3456.0,AO,Breast,Alive,,72,,,No,No,No,1.0,1.0,3456.0,3456.0,IIA,brca
TCGA-AO-A128,Stage IIA,3248.0,AO,Breast,Alive,,61,,,No,No,No,1.0,1.0,3248.0,3248.0,IIA,brca
TCGA-AO-A129,Stage IIB,3286.0,AO,Breast,Alive,,29,,,No,No,No,1.0,1.0,3286.0,3286.0,IIB,brca
TCGA-AO-A12A,Stage IIA,3112.0,AO,Breast,Alive,,47,,,No,No,No,1.0,1.0,3112.0,3112.0,IIA,brca
TCGA-AO-A12B,Stage IIA,2989.0,AO,Breast,Alive,,63,,,No,No,No,1.0,1.0,2989.0,2989.0,IIA,brca
TCGA-AO-A12C,Stage IIB,2372.0,AO,Breast,Alive,,42,,,No,No,No,1.0,1.0,2372.0,2372.0,IIB,brca
TCGA-AO-A12D,Stage IIA,2515.0,AO,Breast,Alive,,43,,,No,No,No,1.0,1.0,2515.0,2515.0,IIA,brca
TCGA-AO-A12E,Stage IIB,2142.0,AO,Breast,Alive,,51,,,No,No,No,1.0,1.0,2142.0,2142.0,IIB,brca
TCGA-AO-A12F,Stage IIA,1842.0,AO,Breast,Alive,,36,,,No,No,No,1.0,1.0,1842.0,1842.0,IIA,brca
TCGA-AO-A12G,Stage IIA,1639.0,AO,Breast,Alive,,75,,,No,No,No,1.0,1.0,1639.0,1639.0,IIA,brca
TCGA-AO-A12H,Stage IIA,1234.0,AO,Breast,Alive,,69,,,No,No,No,1.0,1.0,1234.0,1234.0,IIA,brca
TCGA-AO-A1KO,Stage IIB,622.0,AO,Breast,Alive,,46,,,No,No,No,1.0,1.0,622.0,622.0,IIB,brca
TCGA-AO-A1KP,Stage IIA,2953.0,AO,Breast,Alive,,77,,,No,No,No,1.0,1.0,2953.0,2953.0,IIA,brca
TCGA-AO-A1KQ,Stage IIIB,1882.0,AO,Breast,Alive,,84,,,No,No,No,1.0,1.0,1882.0,1882.0,IIIB,brca
TCGA-AO-A1KR,Stage IIA,2513.0,AO,Breast,Alive,,51,,,No,No,No,1.0,1.0,2513.0,2513.0,IIA,brca
TCGA-AO-A1KS,Stage IIA,350.0,AO,Breast,Alive,,69,,,No,No,No,1.0,1.0,350.0,350.0,IIA,brca
TCGA-AO-A1KT,Stage IIA,541.0,AO,Breast,Alive,,78,,,No,No,No,1.0,1.0,541.0,541.0,IIA,brca
TCGA-AQ-A04H,Stage IIIA,754.0,AQ,Breast,Alive,,61,,,No,No,No,1.0,1.0,754.0,754.0,IIIA,brca
TCGA-AQ-A04J,Stage IIA,819.0,AQ,Breast,Alive,,45,,,No,No,No,1.0,1.0,819.0,819.0,IIA,brca
TCGA-AQ-A04L,Stage IIA,3957.0,AQ,Breast,Alive,,48,,,No,No,No,1.0,1.0,3957.0,3957.0,IIA,brca
TCGA-AQ-A0Y5,Stage IIIA,172.0,AQ,Breast,Dead,172.0,70,,,No,No,No,0.0,1.0,172.0,172.0,IIIA,brca
TCGA-AQ-A1H2,Stage IIIA,475.0,AQ,Breast,Alive,,84,,,No,No,No,1.0,1.0,475.0,475.0,IIIA,brca
TCGA-AQ-A1H3,Stage IIIC,989.0,AQ,Breast,Alive,,49,,,No,No,No,1.0,1.0,989.0,989.0,IIIC,brca
TCGA-AQ-A54N,Stage IIA,78.0,AQ,Breast,Alive,,51,,,No,No,No,1.0,1.0,78.0,78.0,IIA,brca
TCGA-AQ-A54O,Stage IIA,1001.0,AQ,Breast,Alive,,51,,,No,No,No,1.0,1.0,1001.0,1001.0,IIA,brca
TCGA-AQ-A7U7,Stage IIIA,584.0,AQ,Breast,Dead,584.0,55,,,No,No,No,0.0,1.0,584.0,584.0,IIIA,brca
TCGA-AR-A0TP,Stage IIA,4275.0,AR,Breast,Alive,,43,,,No,No,No,1.0,1.0,4275.0,4275.0,IIA,brca
TCGA-AR-A0TQ,Stage IIIA,2991.0,AR,Breast,Alive,,27,,,No,No,No,1.0,1.0,2991.0,2991.0,IIIA,brca
TCGA-AR-A0TR,Stage IIB,160.0,AR,Breast,Dead,160.0,68,,,No,No,No,0.0,1.0,160.0,160.0,IIB,brca
TCGA-AR-A0TS,Stage IIB,2558.0,AR,Breast,Alive,,46,,,No,No,No,1.0,1.0,2558.0,2558.0,IIB,brca
TCGA-AR-A0TT,Stage IIIA,3316.0,AR,Breast,Alive,,53,,,No,No,No,1.0,1.0,3316.0,3316.0,IIIA,brca
TCGA-AR-A0TU,Stage IIA,709.0,AR,Breast,Alive,,35,,,No,No,No,1.0,1.0,709.0,709.0,IIA,brca
TCGA-AR-A0TV,Stage IIA,2288.0,AR,Breast,Alive,,66,,,No,No,No,1.0,1.0,2288.0,2288.0,IIA,brca
TCGA-AR-A0TX,Stage IIA,1972.0,AR,Breast,Alive,,64,,,No,No,No,1.0,1.0,1972.0,1972.0,IIA,brca
TCGA-AR-A0TY,Stage IIA,1699.0,AR,Breast,Dead,1699.0,54,544.0,,Yes,Yes,No,0.0,0.0,1699.0,544.0,IIA,brca
TCGA-AR-A0U0,Stage IIB,1988.0,AR,Breast,Alive,,73,,,No,No,No,1.0,1.0,1988.0,1988.0,IIB,brca
TCGA-AR-A0U1,Stage IIB,4052.0,AR,Breast,Alive,,36,,,No,No,No,1.0,1.0,4052.0,4052.0,IIB,brca
TCGA-AR-A0U2,Stage IIIA,2551.0,AR,Breast,Dead,2551.0,47,1609.0,,Yes,Yes,No,0.0,0.0,2551.0,1609.0,IIIA,brca
TCGA-AR-A0U3,Stage IIB,4080.0,AR,Breast,Alive,,59,,,No,No,No,1.0,1.0,4080.0,4080.0,IIB,brca
TCGA-AR-A0U4,Stage IIA,3261.0,AR,Breast,Alive,,54,,,No,No,No,1.0,1.0,3261.0,3261.0,IIA,brca
TCGA-AR-A1AH,Stage IIB,3807.0,AR,Breast,Alive,,51,,,No,No,No,1.0,1.0,3807.0,3807.0,IIB,brca
TCGA-AR-A1AI,Stage IIA,3296.0,AR,Breast,Alive,,47,,,No,No,No,1.0,1.0,3296.0,3296.0,IIA,brca
TCGA-AR-A1AJ,Stage I,2383.0,AR,Breast,Alive,,83,,,No,No,No,1.0,1.0,2383.0,2383.0,I,brca
TCGA-AR-A1AK,Stage I,3159.0,AR,Breast,Alive,,70,,,No,No,No,1.0,1.0,3159.0,3159.0,I,brca
TCGA-AR-A1AL,Stage IIIA,2971.0,AR,Breast,Alive,,60,,,No,No,No,1.0,1.0,2971.0,2971.0,IIIA,brca
TCGA-AR-A1AM,Stage IIIA,2991.0,AR,Breast,Alive,,52,,,No,No,No,1.0,1.0,2991.0,2991.0,IIIA,brca
TCGA-AR-A1AN,Stage IIA,2920.0,AR,Breast,Alive,,46,,,No,No,No,1.0,1.0,2920.0,2920.0,IIA,brca
TCGA-AR-A1AO,Stage IIA,2618.0,AR,Breast,Alive,,47,,,No,No,No,1.0,1.0,2618.0,2618.0,IIA,brca
TCGA-AR-A1AP,Stage I,2856.0,AR,Breast,Alive,,80,,,No,No,No,1.0,1.0,2856.0,2856.0,I,brca
TCGA-AR-A1AQ,Stage IIA,3021.0,AR,Breast,Alive,,49,,,No,No,No,1.0,1.0,3021.0,3021.0,IIA,brca
TCGA-AR-A1AR,Stage IIIA,524.0,AR,Breast,Dead,524.0,50,,,No,No,No,0.0,1.0,524.0,524.0,IIIA,brca
TCGA-AR-A1AS,Stage IIB,1150.0,AR,Breast,Alive,,54,,,No,No,No,1.0,1.0,1150.0,1150.0,IIB,brca
TCGA-AR-A1AT,Stage IIA,1272.0,AR,Breast,Dead,1272.0,62,,,No,No,No,0.0,1.0,1272.0,1272.0,IIA,brca
TCGA-AR-A1AU,Stage IIIA,2868.0,AR,Breast,Alive,,39,,,No,No,No,1.0,1.0,2868.0,2868.0,IIIA,brca
TCGA-AR-A1AV,Stage IIB,1864.0,AR,Breast,Alive,,68,,,No,No,No,1.0,1.0,1864.0,1864.0,IIB,brca
TCGA-AR-A1AW,Stage IIA,2632.0,AR,Breast,Alive,,65,,,No,No,No,1.0,1.0,2632.0,2632.0,IIA,brca
TCGA-AR-A1AX,Stage I,2629.0,AR,Breast,Alive,,64,,,No,No,No,1.0,1.0,2629.0,2629.0,I,brca
TCGA-AR-A1AY,Stage I,1026.0,AR,Breast,Alive,,65,,,No,No,No,1.0,1.0,1026.0,1026.0,I,brca
TCGA-AR-A24H,Stage IIA,4894.0,AR,Breast,Alive,,65,,,No,No,No,1.0,1.0,4894.0,4894.0,IIA,brca
TCGA-AR-A24K,Stage IIA,1548.0,AR,Breast,Alive,,46,,,No,No,No,1.0,1.0,1548.0,1548.0,IIA,brca
TCGA-AR-A24L,Stage IIB,2866.0,AR,Breast,Dead,2866.0,26,,1414.0,Yes,No,Yes,0.0,1.0,2866.0,2866.0,IIB,brca
TCGA-AR-A24M,Stage IIIA,3660.0,AR,Breast,Alive,,38,,,No,No,No,1.0,1.0,3660.0,3660.0,IIIA,brca
TCGA-AR-A24N,Stage I,3035.0,AR,Breast,Alive,,54,,,No,No,No,1.0,1.0,3035.0,3035.0,I,brca
TCGA-AR-A24P,Stage I,84.0,AR,Breast,Alive,,47,,,No,No,No,1.0,1.0,84.0,84.0,I,brca
TCGA-AR-A24Q,Stage IIB,3172.0,AR,Breast,Alive,,49,,,No,No,No,1.0,1.0,3172.0,3172.0,IIB,brca
TCGA-AR-A24R,Stage IIIA,3430.0,AR,Breast,Alive,,45,,,No,No,No,1.0,1.0,3430.0,3430.0,IIIA,brca
TCGA-AR-A24S,Stage I,2976.0,AR,Breast,Alive,,61,,,No,No,No,1.0,1.0,2976.0,2976.0,I,brca
TCGA-AR-A24T,Stage IIIC,3202.0,AR,Breast,Alive,,46,,,No,No,No,1.0,1.0,3202.0,3202.0,IIIC,brca
TCGA-AR-A24U,Stage IIA,3128.0,AR,Breast,Alive,,47,,,No,No,No,1.0,1.0,3128.0,3128.0,IIA,brca
TCGA-AR-A24V,Stage IIB,3203.0,AR,Breast,Alive,,52,,,No,No,No,1.0,1.0,3203.0,3203.0,IIB,brca
TCGA-AR-A24W,Stage IIB,1550.0,AR,Breast,Alive,,55,,,No,No,No,1.0,1.0,1550.0,1550.0,IIB,brca
TCGA-AR-A24X,Stage IIA,3004.0,AR,Breast,Alive,,52,,,No,No,No,1.0,1.0,3004.0,3004.0,IIA,brca
TCGA-AR-A24Z,Stage IIA,3001.0,AR,Breast,Alive,,57,,,No,No,No,1.0,1.0,3001.0,3001.0,IIA,brca
TCGA-AR-A250,Stage IIA,2707.0,AR,Breast,Alive,,58,,,No,No,No,1.0,1.0,2707.0,2707.0,IIA,brca
TCGA-AR-A251,Stage IIIA,3030.0,AR,Breast,Alive,,51,,,No,No,No,1.0,1.0,3030.0,3030.0,IIIA,brca
TCGA-AR-A252,Stage I,2838.0,AR,Breast,Alive,,50,,,No,No,No,1.0,1.0,2838.0,2838.0,I,brca
TCGA-AR-A254,Stage IIIA,2605.0,AR,Breast,Alive,,50,,,No,No,No,1.0,1.0,2605.0,2605.0,IIIA,brca
TCGA-AR-A255,Stage I,2161.0,AR,Breast,Alive,,62,,,No,No,No,1.0,1.0,2161.0,2161.0,I,brca
TCGA-AR-A256,Stage IIA,2854.0,AR,Breast,Dead,2854.0,45,,1640.0,Yes,No,Yes,0.0,1.0,2854.0,2854.0,IIA,brca
TCGA-AR-A2LE,Stage I,5062.0,AR,Breast,Alive,,69,,,No,No,No,1.0,1.0,5062.0,5062.0,I,brca
TCGA-AR-A2LH,Stage III,616.0,AR,Breast,Dead,616.0,55,434.0,,Yes,Yes,No,0.0,0.0,616.0,434.0,III,brca
TCGA-AR-A2LJ,Stage IIIA,2632.0,AR,Breast,Alive,,40,,,No,No,No,1.0,1.0,2632.0,2632.0,IIIA,brca
TCGA-AR-A2LK,Stage III,1649.0,AR,Breast,Dead,1649.0,62,1304.0,,Yes,Yes,No,0.0,0.0,1649.0,1304.0,III,brca
TCGA-AR-A2LL,Stage IIB,2012.0,AR,Breast,Alive,,70,,,No,No,No,1.0,1.0,2012.0,2012.0,IIB,brca
TCGA-AR-A2LM,Stage II,1935.0,AR,Breast,Alive,,49,,,No,No,No,1.0,1.0,1935.0,1935.0,II,brca
TCGA-AR-A2LN,Stage IIA,1161.0,AR,Breast,Alive,,65,,,No,No,No,1.0,1.0,1161.0,1161.0,IIA,brca
TCGA-AR-A2LO,Stage IIB,1198.0,AR,Breast,Alive,,46,,,No,No,No,1.0,1.0,1198.0,1198.0,IIB,brca
TCGA-AR-A2LQ,Stage IIB,1233.0,AR,Breast,Alive,,59,,,No,No,No,1.0,1.0,1233.0,1233.0,IIB,brca
TCGA-AR-A2LR,Stage I,1742.0,AR,Breast,Alive,,49,,,No,No,No,1.0,1.0,1742.0,1742.0,I,brca
TCGA-AR-A5QM,Stage IIA,2231.0,AR,Breast,Alive,,62,,,No,No,No,1.0,1.0,2231.0,2231.0,IIA,brca
TCGA-AR-A5QN,Stage IIIC,1013.0,AR,Breast,Alive,,68,,,No,No,No,1.0,1.0,1013.0,1013.0,IIIC,brca
TCGA-AR-A5QP,Stage IIB,1185.0,AR,Breast,Alive,,54,,,No,No,No,1.0,1.0,1185.0,1185.0,IIB,brca
TCGA-AR-A5QQ,Stage IIIA,322.0,AR,Breast,Dead,322.0,68,301.0,,Yes,Yes,No,0.0,0.0,322.0,301.0,IIIA,brca
TCGA-B6-A0I1,Stage IIA,2361.0,B6,Breast,Dead,2361.0,73,1120.0,,Yes,Yes,No,0.0,0.0,2361.0,1120.0,IIA,brca
TCGA-B6-A0I2,Stage IA,4361.0,B6,Breast,Alive,,45,,,No,No,No,1.0,1.0,4361.0,4361.0,IA,brca
TCGA-B6-A0I5,Stage IIB,8556.0,B6,Breast,Alive,,49,,,No,No,No,1.0,1.0,8556.0,8556.0,IIB,brca
TCGA-B6-A0I6,Stage IIA,991.0,B6,Breast,Dead,991.0,49,859.0,,Yes,Yes,No,0.0,0.0,991.0,859.0,IIA,brca
TCGA-B6-A0I8,Stage X,749.0,B6,Breast,Dead,749.0,46,,746.0,Yes,No,Yes,0.0,1.0,749.0,749.0,X,brca
TCGA-B6-A0I9,Stage IV,362.0,B6,Breast,Dead,362.0,62,,,No,No,No,0.0,1.0,362.0,362.0,IV,brca
TCGA-B6-A0IA,Stage IIA,8391.0,B6,Breast,Alive,,51,,,No,No,No,1.0,1.0,8391.0,8391.0,IIA,brca
TCGA-B6-A0IB,Stage IV,3941.0,B6,Breast,Dead,3941.0,64,2717.0,,Yes,Yes,No,0.0,0.0,3941.0,2717.0,IV,brca
TCGA-B6-A0IC,Stage X,0.0,B6,Breast,Dead,0.0,89,,,No,No,No,0.0,1.0,0.0,0.0,X,brca
TCGA-B6-A0IE,Stage IIIA,1993.0,B6,Breast,Dead,1993.0,38,834.0,,Yes,Yes,No,0.0,0.0,1993.0,834.0,IIIA,brca
TCGA-B6-A0IG,Stage IIB,4456.0,B6,Breast,Dead,4456.0,50,,,No,No,No,0.0,1.0,4456.0,4456.0,IIB,brca
TCGA-B6-A0IH,Stage IIIA,2965.0,B6,Breast,Dead,2965.0,81,,,No,No,No,0.0,1.0,2965.0,2965.0,IIIA,brca
TCGA-B6-A0IJ,Stage IIB,7106.0,B6,Breast,Alive,,42,,,No,No,No,1.0,1.0,7106.0,7106.0,IIB,brca
TCGA-B6-A0IK,Stage IIIB,571.0,B6,Breast,Dead,571.0,63,489.0,,Yes,Yes,No,0.0,0.0,571.0,489.0,IIIB,brca
TCGA-B6-A0IM,Stage IIB,3873.0,B6,Breast,Dead,3873.0,75,,,No,No,No,0.0,1.0,3873.0,3873.0,IIB,brca
TCGA-B6-A0IN,Stage X,2573.0,B6,Breast,Dead,2573.0,45,1412.0,,Yes,Yes,No,0.0,0.0,2573.0,1412.0,X,brca
TCGA-B6-A0IO,Stage IIA,5042.0,B6,Breast,Alive,,66,,,No,No,No,1.0,1.0,5042.0,5042.0,IIA,brca
TCGA-B6-A0IP,Stage IA,3926.0,B6,Breast,Dead,3926.0,74,,,No,No,No,0.0,1.0,3926.0,3926.0,IA,brca
TCGA-B6-A0IQ,Stage IIIA,4285.0,B6,Breast,Alive,,40,,,No,No,No,1.0,1.0,4285.0,4285.0,IIIA,brca
TCGA-B6-A0RE,Stage X,7777.0,B6,Breast,Alive,,61,,,No,No,No,1.0,1.0,7777.0,7777.0,X,brca
TCGA-B6-A0RG,Stage IIB,2082.0,B6,Breast,Alive,,26,,,No,No,No,1.0,1.0,2082.0,2082.0,IIB,brca
TCGA-B6-A0RH,Stage IIA,6456.0,B6,Breast,Dead,6456.0,51,,2165.0,Yes,No,Yes,0.0,1.0,6456.0,6456.0,IIA,brca
TCGA-B6-A0RI,Stage IIIB,7126.0,B6,Breast,Alive,,44,,1100.0,Yes,No,Yes,1.0,1.0,7126.0,7126.0,IIIB,brca
TCGA-B6-A0RL,Stage IIA,2469.0,B6,Breast,Dead,2469.0,60,,,No,No,No,0.0,1.0,2469.0,2469.0,IIA,brca
TCGA-B6-A0RM,Stage X,2373.0,B6,Breast,Dead,2373.0,57,,,No,No,No,0.0,1.0,2373.0,2373.0,X,brca
TCGA-B6-A0RN,Stage IA,8008.0,B6,Breast,Alive,,60,,,No,No,No,1.0,1.0,8008.0,8008.0,IA,brca
TCGA-B6-A0RO,Stage IIIB,4929.0,B6,Breast,Alive,,71,,,No,No,No,1.0,1.0,4929.0,4929.0,IIIB,brca
TCGA-B6-A0RQ,Stage IIB,4267.0,B6,Breast,Dead,4267.0,68,,,No,No,No,0.0,1.0,4267.0,4267.0,IIB,brca
TCGA-B6-A0RS,Stage IIA,3063.0,B6,Breast,Dead,3063.0,38,,,No,No,No,0.0,1.0,3063.0,3063.0,IIA,brca
TCGA-B6-A0RT,Stage IIIA,2721.0,B6,Breast,Alive,,39,,,No,No,No,1.0,1.0,2721.0,2721.0,IIIA,brca
TCGA-B6-A0RU,Stage IA,8605.0,B6,Breast,Alive,,40,,,No,No,No,1.0,1.0,8605.0,8605.0,IA,brca
TCGA-B6-A0RV,Stage IIIA,5156.0,B6,Breast,Alive,,42,,,No,No,No,1.0,1.0,5156.0,5156.0,IIIA,brca
TCGA-B6-A0WS,Stage X,2965.0,B6,Breast,Dead,2965.0,58,,,No,No,No,0.0,1.0,2965.0,2965.0,X,brca
TCGA-B6-A0WT,Stage IIB,5739.0,B6,Breast,Alive,,61,,,No,No,No,1.0,1.0,5739.0,5739.0,IIB,brca
TCGA-B6-A0WV,Stage IIB,2417.0,B6,Breast,Dead,2417.0,67,,,No,No,No,0.0,1.0,2417.0,2417.0,IIB,brca
TCGA-B6-A0WW,Stage X,558.0,B6,Breast,Dead,558.0,58,447.0,,Yes,Yes,No,0.0,0.0,558.0,447.0,X,brca
TCGA-B6-A0WX,Stage IIIA,639.0,B6,Breast,Dead,639.0,40,563.0,,Yes,Yes,No,0.0,0.0,639.0,563.0,IIIA,brca
TCGA-B6-A0WY,Stage IIIA,3461.0,B6,Breast,Dead,3461.0,40,2011.0,,Yes,Yes,No,0.0,0.0,3461.0,2011.0,IIIA,brca
TCGA-B6-A0WZ,Stage II,6292.0,B6,Breast,Alive,,50,,,No,No,No,1.0,1.0,6292.0,6292.0,II,brca
TCGA-B6-A0X0,Stage I,3945.0,B6,Breast,Dead,3945.0,54,,,No,No,No,0.0,1.0,3945.0,3945.0,I,brca
TCGA-B6-A0X4,Stage IIB,860.0,B6,Breast,Dead,860.0,62,716.0,,Yes,Yes,No,0.0,0.0,860.0,716.0,IIB,brca
TCGA-B6-A0X5,Stage IIB,2097.0,B6,Breast,Dead,2097.0,61,1343.0,,Yes,Yes,No,0.0,0.0,2097.0,1343.0,IIB,brca
TCGA-B6-A0X7,Stage X,1781.0,B6,Breast,Dead,1781.0,62,,,No,No,No,0.0,1.0,1781.0,1781.0,X,brca
TCGA-B6-A1KC,Stage IIB,1326.0,B6,Breast,Alive,,67,,,No,No,No,1.0,1.0,1326.0,1326.0,IIB,brca
TCGA-B6-A1KF,Stage IIB,3088.0,B6,Breast,Alive,,68,,,No,No,No,1.0,1.0,3088.0,3088.0,IIB,brca
TCGA-B6-A1KI,Stage I,2236.0,B6,Breast,Alive,,63,,,No,No,No,1.0,1.0,2236.0,2236.0,I,brca
TCGA-B6-A1KN,Stage IIIB,4233.0,B6,Breast,Alive,,57,,,No,No,No,1.0,1.0,4233.0,4233.0,IIIB,brca
TCGA-B6-A2IU,Stage IIA,5176.0,B6,Breast,Alive,,62,,,No,No,No,1.0,1.0,5176.0,5176.0,IIA,brca
TCGA-B6-A3ZX,Stage IV,1152.0,B6,Breast,Dead,1152.0,50,994.0,,Yes,Yes,No,0.0,0.0,1152.0,994.0,IV,brca
TCGA-B6-A400,Stage IIIA,215.0,B6,Breast,Alive,,43,,,No,No,No,1.0,1.0,215.0,215.0,IIIA,brca
TCGA-B6-A401,Stage IIA,2596.0,B6,Breast,Alive,,47,,,No,No,No,1.0,1.0,2596.0,2596.0,IIA,brca
TCGA-B6-A402,Stage I,2330.0,B6,Breast,Alive,,47,,1516.0,Yes,No,Yes,1.0,1.0,2330.0,2330.0,I,brca
TCGA-B6-A408,Stage IIIC,2072.0,B6,Breast,Alive,,55,,,No,No,No,1.0,1.0,2072.0,2072.0,IIIC,brca
TCGA-B6-A409,Stage IIIA,573.0,B6,Breast,Dead,573.0,44,456.0,,Yes,Yes,No,0.0,0.0,573.0,456.0,IIIA,brca
TCGA-B6-A40B,Stage I,3152.0,B6,Breast,Alive,,76,,,No,No,No,1.0,1.0,3152.0,3152.0,I,brca
TCGA-B6-A40C,Stage IIB,2164.0,B6,Breast,Alive,,51,,,No,No,No,1.0,1.0,2164.0,2164.0,IIB,brca
TCGA-BH-A0AU,Stage IIA,1914.0,BH,Breast,Alive,,45,,,No,No,No,1.0,1.0,1914.0,1914.0,IIA,brca
TCGA-BH-A0AV,Stage I,1820.0,BH,Breast,Alive,,52,,,No,No,No,1.0,1.0,1820.0,1820.0,I,brca
TCGA-BH-A0AW,Stage IIA,622.0,BH,Breast,Alive,,56,,,No,No,No,1.0,1.0,622.0,622.0,IIA,brca
TCGA-BH-A0AY,Stage IIA,777.0,BH,Breast,Alive,,62,,,No,No,No,1.0,1.0,777.0,777.0,IIA,brca
TCGA-BH-A0AZ,Stage IIIA,1919.0,BH,Breast,Alive,,47,,,No,No,No,1.0,1.0,1919.0,1919.0,IIIA,brca
TCGA-BH-A0B0,Stage I,2477.0,BH,Breast,Alive,,56,,,No,No,No,1.0,1.0,2477.0,2477.0,I,brca
TCGA-BH-A0B1,Stage IIB,1148.0,BH,Breast,Alive,,66,,,No,No,No,1.0,1.0,1148.0,1148.0,IIB,brca
TCGA-BH-A0B3,Stage IIB,1203.0,BH,Breast,Alive,,53,,,No,No,No,1.0,1.0,1203.0,1203.0,IIB,brca
TCGA-BH-A0B4,Stage IIIA,1191.0,BH,Breast,Alive,,65,,,No,No,No,1.0,1.0,1191.0,1191.0,IIIA,brca
TCGA-BH-A0B5,Stage IIIA,2136.0,BH,Breast,Alive,,40,,,No,No,No,1.0,1.0,2136.0,2136.0,IIIA,brca
TCGA-BH-A0B6,Stage I,2483.0,BH,Breast,Alive,,47,,,No,No,No,1.0,1.0,2483.0,2483.0,I,brca
TCGA-BH-A0B7,Stage IIB,2559.0,BH,Breast,Alive,,42,,,No,No,No,1.0,1.0,2559.0,2559.0,IIB,brca
TCGA-BH-A0B8,Stage I,1569.0,BH,Breast,Alive,,64,,,No,No,No,1.0,1.0,1569.0,1569.0,I,brca
TCGA-BH-A0B9,Stage IA,1572.0,BH,Breast,Alive,,44,,,No,No,No,1.0,1.0,1572.0,1572.0,IA,brca
TCGA-BH-A0BA,Stage IIIC,1132.0,BH,Breast,Alive,,51,,,No,No,No,1.0,1.0,1132.0,1132.0,IIIC,brca
TCGA-BH-A0BC,Stage IIIC,974.0,BH,Breast,Alive,,60,,,No,No,No,1.0,1.0,974.0,974.0,IIIC,brca
TCGA-BH-A0BD,Stage IIA,554.0,BH,Breast,Alive,,47,,,No,No,No,1.0,1.0,554.0,554.0,IIA,brca
TCGA-BH-A0BF,Stage IIB,1324.0,BH,Breast,Dead,1324.0,56,,,No,No,No,0.0,1.0,1324.0,1324.0,IIB,brca
TCGA-BH-A0BG,Stage I,1871.0,BH,Breast,Alive,,73,,,No,No,No,1.0,1.0,1871.0,1871.0,I,brca
TCGA-BH-A0BJ,Stage IIB,660.0,BH,Breast,Alive,,41,,,No,No,No,1.0,1.0,660.0,660.0,IIB,brca
TCGA-BH-A0BL,Stage I,2278.0,BH,Breast,Alive,,35,,,No,No,No,1.0,1.0,2278.0,2278.0,I,brca
TCGA-BH-A0BM,Stage IIB,1876.0,BH,Breast,Alive,,54,,,No,No,No,1.0,1.0,1876.0,1876.0,IIB,brca
TCGA-BH-A0BO,Stage I,2197.0,BH,Breast,Alive,,54,,,No,No,No,1.0,1.0,2197.0,2197.0,I,brca
TCGA-BH-A0BP,Stage I,2296.0,BH,Breast,Dead,2296.0,76,,,No,No,No,0.0,1.0,2296.0,2296.0,I,brca
TCGA-BH-A0BQ,Stage I,2255.0,BH,Breast,Alive,,39,,1709.0,Yes,No,Yes,1.0,1.0,2255.0,2255.0,I,brca
TCGA-BH-A0BR,Stage I,2330.0,BH,Breast,Alive,,59,,,No,No,No,1.0,1.0,2330.0,2330.0,I,brca
TCGA-BH-A0BS,Stage IIIA,2612.0,BH,Breast,Alive,,55,,,No,No,No,1.0,1.0,2612.0,2612.0,IIIA,brca
TCGA-BH-A0BT,Stage IIA,2365.0,BH,Breast,Alive,,56,,,No,No,No,1.0,1.0,2365.0,2365.0,IIA,brca
TCGA-BH-A0BV,Stage IIB,1519.0,BH,Breast,Alive,,78,,,No,No,No,1.0,1.0,1519.0,1519.0,IIB,brca
TCGA-BH-A0BW,Stage I,2371.0,BH,Breast,Alive,,71,,,No,No,No,1.0,1.0,2371.0,2371.0,I,brca
TCGA-BH-A0BZ,Stage IIIA,2255.0,BH,Breast,Alive,,59,,,No,No,No,1.0,1.0,2255.0,2255.0,IIIA,brca
TCGA-BH-A0C0,Stage IIA,1270.0,BH,Breast,Alive,,62,,,No,No,No,1.0,1.0,1270.0,1270.0,IIA,brca
TCGA-BH-A0C1,Stage IIIA,1411.0,BH,Breast,Dead,1411.0,61,1123.0,,Yes,Yes,No,0.0,0.0,1411.0,1123.0,IIIA,brca
TCGA-BH-A0C3,Stage I,2709.0,BH,Breast,Alive,,47,2674.0,,Yes,Yes,No,1.0,0.0,2709.0,2674.0,I,brca
TCGA-BH-A0C7,Stage IIB,2767.0,BH,Breast,Alive,,48,,,No,No,No,1.0,1.0,2767.0,2767.0,IIB,brca
TCGA-BH-A0DD,Stage IIB,2486.0,BH,Breast,Alive,,58,,,No,No,No,1.0,1.0,2486.0,2486.0,IIB,brca
TCGA-BH-A0DE,Stage IIA,2372.0,BH,Breast,Alive,,62,,,No,No,No,1.0,1.0,2372.0,2372.0,IIA,brca
TCGA-BH-A0DG,Stage IIA,2041.0,BH,Breast,Alive,,30,,,No,No,No,1.0,1.0,2041.0,2041.0,IIA,brca
TCGA-BH-A0DH,Stage IIB,1156.0,BH,Breast,Alive,,63,,,No,No,No,1.0,1.0,1156.0,1156.0,IIB,brca
TCGA-BH-A0DI,Stage IIB,912.0,BH,Breast,Alive,,63,,,No,No,No,1.0,1.0,912.0,912.0,IIB,brca
TCGA-BH-A0DK,Stage IIA,423.0,BH,Breast,Alive,,49,,,No,No,No,1.0,1.0,423.0,423.0,IIA,brca
TCGA-BH-A0DL,Stage IIA,2381.0,BH,Breast,Alive,,64,,,No,No,No,1.0,1.0,2381.0,2381.0,IIA,brca
TCGA-BH-A0DO,Stage I,1644.0,BH,Breast,Alive,,78,,,No,No,No,1.0,1.0,1644.0,1644.0,I,brca
TCGA-BH-A0DP,Stage IIB,476.0,BH,Breast,Alive,,60,,,No,No,No,1.0,1.0,476.0,476.0,IIB,brca
TCGA-BH-A0DQ,Stage IIB,98.0,BH,Breast,Alive,,42,,,No,No,No,1.0,1.0,98.0,98.0,IIB,brca
TCGA-BH-A0DS,Stage IIIA,78.0,BH,Breast,Alive,,71,,,No,No,No,1.0,1.0,78.0,78.0,IIIA,brca
TCGA-BH-A0DT,Stage IIA,2403.0,BH,Breast,Alive,,41,,,No,No,No,1.0,1.0,2403.0,2403.0,IIA,brca
TCGA-BH-A0DV,Stage IIIA,2064.0,BH,Breast,Alive,,54,,,No,No,No,1.0,1.0,2064.0,2064.0,IIIA,brca
TCGA-BH-A0DX,Stage I,2156.0,BH,Breast,Alive,,62,,,No,No,No,1.0,1.0,2156.0,2156.0,I,brca
TCGA-BH-A0DZ,Stage IIB,495.0,BH,Breast,Alive,,43,,,No,No,No,1.0,1.0,495.0,495.0,IIB,brca
TCGA-BH-A0E0,Stage IIIC,134.0,BH,Breast,Alive,,38,,,No,No,No,1.0,1.0,134.0,134.0,IIIC,brca
TCGA-BH-A0E1,Stage IIB,477.0,BH,Breast,Alive,,52,,,No,No,No,1.0,1.0,477.0,477.0,IIB,brca
TCGA-BH-A0E2,Stage IIIA,435.0,BH,Breast,Alive,,49,,,No,No,No,1.0,1.0,435.0,435.0,IIIA,brca
TCGA-BH-A0E6,Stage IA,293.0,BH,Breast,Alive,,69,,,No,No,No,1.0,1.0,293.0,293.0,IA,brca
TCGA-BH-A0E7,Stage IIB,1363.0,BH,Breast,Alive,,79,,,No,No,No,1.0,1.0,1363.0,1363.0,IIB,brca
TCGA-BH-A0E9,Stage IIB,2489.0,BH,Breast,Alive,,53,,,No,No,No,1.0,1.0,2489.0,2489.0,IIB,brca
TCGA-BH-A0EA,Stage IIA,991.0,BH,Breast,Dead,991.0,72,,,No,No,No,0.0,1.0,991.0,991.0,IIA,brca
TCGA-BH-A0EB,Stage IA,745.0,BH,Breast,Alive,,69,,,No,No,No,1.0,1.0,745.0,745.0,IA,brca
TCGA-BH-A0EE,Stage IIB,943.0,BH,Breast,Alive,,68,,,No,No,No,1.0,1.0,943.0,943.0,IIB,brca
TCGA-BH-A0EI,Stage IIA,1926.0,BH,Breast,Alive,,51,,,No,No,No,1.0,1.0,1926.0,1926.0,IIA,brca
TCGA-BH-A0GY,Stage IIA,923.0,BH,Breast,Alive,,67,,,No,No,No,1.0,1.0,923.0,923.0,IIA,brca
TCGA-BH-A0GZ,Stage IIA,328.0,BH,Breast,Alive,,62,,,No,No,No,1.0,1.0,328.0,328.0,IIA,brca
TCGA-BH-A0H0,Stage IA,461.0,BH,Breast,Alive,,69,,,No,No,No,1.0,1.0,461.0,461.0,IA,brca
TCGA-BH-A0H3,Stage I,1928.0,BH,Breast,Alive,,46,,,No,No,No,1.0,1.0,1928.0,1928.0,I,brca
TCGA-BH-A0H5,Stage I,1620.0,BH,Breast,Alive,,45,,,No,No,No,1.0,1.0,1620.0,1620.0,I,brca
TCGA-BH-A0H6,Stage I,747.0,BH,Breast,Alive,,82,,,No,No,No,1.0,1.0,747.0,747.0,I,brca
TCGA-BH-A0H7,Stage IIIA,702.0,BH,Breast,Alive,,65,,,No,No,No,1.0,1.0,702.0,702.0,IIIA,brca
TCGA-BH-A0H9,Stage IIA,1247.0,BH,Breast,Alive,,69,,,No,No,No,1.0,1.0,1247.0,1247.0,IIA,brca
TCGA-BH-A0HA,Stage I,1611.0,BH,Breast,Alive,,31,,,No,No,No,1.0,1.0,1611.0,1611.0,I,brca
TCGA-BH-A0HB,Stage IA,806.0,BH,Breast,Alive,,55,,,No,No,No,1.0,1.0,806.0,806.0,IA,brca
TCGA-BH-A0HF,Stage IA,727.0,BH,Breast,Alive,,77,,,No,No,No,1.0,1.0,727.0,727.0,IA,brca
TCGA-BH-A0HI,Stage IA,620.0,BH,Breast,Alive,,78,,,No,No,No,1.0,1.0,620.0,620.0,IA,brca
TCGA-BH-A0HK,Stage IIB,178.0,BH,Breast,Alive,,81,,,No,No,No,1.0,1.0,178.0,178.0,IIB,brca
TCGA-BH-A0HL,Stage IIB,72.0,BH,Breast,Alive,,56,,,No,No,No,1.0,1.0,72.0,72.0,IIB,brca
TCGA-BH-A0HN,Stage IA,516.0,BH,Breast,Alive,,67,,,No,No,No,1.0,1.0,516.0,516.0,IA,brca
TCGA-BH-A0HO,Stage IIA,76.0,BH,Breast,Alive,,48,,,No,No,No,1.0,1.0,76.0,76.0,IIA,brca
TCGA-BH-A0HP,Stage IIIA,414.0,BH,Breast,Alive,,65,,,No,No,No,1.0,1.0,414.0,414.0,IIIA,brca
TCGA-BH-A0HQ,Stage IIA,1121.0,BH,Breast,Alive,,56,,,No,No,No,1.0,1.0,1121.0,1121.0,IIA,brca
TCGA-BH-A0HU,Stage IA,392.0,BH,Breast,Alive,,52,,,No,No,No,1.0,1.0,392.0,392.0,IA,brca
TCGA-BH-A0HW,Stage IA,1561.0,BH,Breast,Alive,,62,,,No,No,No,1.0,1.0,1561.0,1561.0,IA,brca
TCGA-BH-A0HX,Stage IIB,829.0,BH,Breast,Alive,,54,,,No,No,No,1.0,1.0,829.0,829.0,IIB,brca
TCGA-BH-A0HY,Stage I,1545.0,BH,Breast,Alive,,60,,,No,No,No,1.0,1.0,1545.0,1545.0,I,brca
TCGA-BH-A0RX,Stage IIA,170.0,BH,Breast,Alive,,59,,,No,No,No,1.0,1.0,170.0,170.0,IIA,brca
TCGA-BH-A0W3,Stage IIA,728.0,BH,Breast,Alive,,58,,,No,No,No,1.0,1.0,728.0,728.0,IIA,brca
TCGA-BH-A0W4,Stage IIA,759.0,BH,Breast,Alive,,46,,,No,No,No,1.0,1.0,759.0,759.0,IIA,brca
TCGA-BH-A0W5,Stage IIA,1288.0,BH,Breast,Alive,,77,,,No,No,No,1.0,1.0,1288.0,1288.0,IIA,brca
TCGA-BH-A0W7,Stage I,1363.0,BH,Breast,Alive,,49,,,No,No,No,1.0,1.0,1363.0,1363.0,I,brca
TCGA-BH-A0WA,Stage I,701.0,BH,Breast,Alive,,82,,,No,No,No,1.0,1.0,701.0,701.0,I,brca
TCGA-BH-A18F,Stage IIA,1001.0,BH,Breast,Alive,,50,,,No,No,No,1.0,1.0,1001.0,1001.0,IIA,brca
TCGA-BH-A18G,Stage IA,149.0,BH,Breast,Alive,,81,,,No,No,No,1.0,1.0,149.0,149.0,IA,brca
TCGA-BH-A18H,Stage IA,652.0,BH,Breast,Alive,,63,,,No,No,No,1.0,1.0,652.0,652.0,IA,brca
TCGA-BH-A18I,Stage IIA,1093.0,BH,Breast,Alive,,53,,,No,No,No,1.0,1.0,1093.0,1093.0,IIA,brca
TCGA-BH-A18J,Stage IV,612.0,BH,Breast,Dead,612.0,56,,,No,No,No,0.0,1.0,612.0,612.0,IV,brca
TCGA-BH-A18K,Stage I,2763.0,BH,Breast,Dead,2763.0,46,,,No,No,No,0.0,1.0,2763.0,2763.0,I,brca
TCGA-BH-A18L,Stage IIIA,811.0,BH,Breast,Dead,811.0,50,,,No,No,No,0.0,1.0,811.0,811.0,IIIA,brca
TCGA-BH-A18M,Stage IIIA,2207.0,BH,Breast,Dead,2207.0,39,,,No,No,No,0.0,1.0,2207.0,2207.0,IIIA,brca
TCGA-BH-A18N,Stage IIA,468.0,BH,Breast,Dead,468.0,88,,,No,No,No,0.0,1.0,468.0,468.0,IIA,brca
TCGA-BH-A18P,Stage I,921.0,BH,Breast,Dead,921.0,60,,,No,No,No,0.0,1.0,921.0,921.0,I,brca
TCGA-BH-A18Q,Stage IIB,1692.0,BH,Breast,Dead,1692.0,56,,,No,No,No,0.0,1.0,1692.0,1692.0,IIB,brca
TCGA-BH-A18R,Stage IIA,1142.0,BH,Breast,Dead,1142.0,50,,,No,No,No,0.0,1.0,1142.0,1142.0,IIA,brca
TCGA-BH-A18S,Stage I,2009.0,BH,Breast,Dead,2009.0,79,,,No,No,No,0.0,1.0,2009.0,2009.0,I,brca
TCGA-BH-A18T,Stage IIA,224.0,BH,Breast,Dead,224.0,70,,,No,No,No,0.0,1.0,224.0,224.0,IIA,brca
TCGA-BH-A18U,Stage IIIA,1563.0,BH,Breast,Dead,1563.0,72,,,No,No,No,0.0,1.0,1563.0,1563.0,IIIA,brca
TCGA-BH-A18V,Stage IIB,1556.0,BH,Breast,Dead,1556.0,48,,,No,No,No,0.0,1.0,1556.0,1556.0,IIB,brca
TCGA-BH-A1EN,Stage IIA,2127.0,BH,Breast,Dead,2127.0,78,,,No,No,No,0.0,1.0,2127.0,2127.0,IIA,brca
TCGA-BH-A1EO,Stage IIA,2798.0,BH,Breast,Dead,2798.0,68,,,No,No,No,0.0,1.0,2798.0,2798.0,IIA,brca
TCGA-BH-A1ES,Stage IIB,3462.0,BH,Breast,Dead,3462.0,35,,,No,No,No,0.0,1.0,3462.0,3462.0,IIB,brca
TCGA-BH-A1ET,Stage I,2520.0,BH,Breast,Dead,2520.0,55,,,No,No,No,0.0,1.0,2520.0,2520.0,I,brca
TCGA-BH-A1EU,Stage I,1286.0,BH,Breast,Dead,1286.0,83,,,No,No,No,0.0,1.0,1286.0,1286.0,I,brca
TCGA-BH-A1EV,Stage IIIA,365.0,BH,Breast,Dead,365.0,45,,,No,No,No,0.0,1.0,365.0,365.0,IIIA,brca
TCGA-BH-A1EW,Stage IIA,1694.0,BH,Breast,Dead,1694.0,38,,,No,No,No,0.0,1.0,1694.0,1694.0,IIA,brca
TCGA-BH-A1EX,Stage IIB,1508.0,BH,Breast,Dead,1508.0,67,,,No,No,No,0.0,1.0,1508.0,1508.0,IIB,brca
TCGA-BH-A1EY,Stage IIA,538.0,BH,Breast,Dead,538.0,79,396.0,,Yes,Yes,No,0.0,0.0,538.0,396.0,IIA,brca
TCGA-BH-A1F0,Stage IIA,785.0,BH,Breast,Dead,785.0,80,,,No,No,No,0.0,1.0,785.0,785.0,IIA,brca
TCGA-BH-A1F2,Stage IIIB,959.0,BH,Breast,Dead,959.0,53,,,No,No,No,0.0,1.0,959.0,959.0,IIIB,brca
TCGA-BH-A1F5,Stage IIA,2712.0,BH,Breast,Dead,2712.0,62,,,No,No,No,0.0,1.0,2712.0,2712.0,IIA,brca
TCGA-BH-A1F8,Stage IIIB,1.0,BH,Breast,Dead,1.0,89,,,No,No,No,0.0,1.0,1.0,1.0,IIIB,brca
TCGA-BH-A1FB,Stage IIB,3669.0,BH,Breast,Dead,3669.0,60,,,No,No,No,0.0,1.0,3669.0,3669.0,IIB,brca
TCGA-BH-A1FC,Stage IIA,3472.0,BH,Breast,Dead,3472.0,78,,,No,No,No,0.0,1.0,3472.0,3472.0,IIA,brca
TCGA-BH-A1FD,Stage I,1009.0,BH,Breast,Dead,1009.0,68,,,No,No,No,0.0,1.0,1009.0,1009.0,I,brca
TCGA-BH-A1FE,Stage IIB,2273.0,BH,Breast,Dead,2273.0,31,,,No,No,No,0.0,1.0,2273.0,2273.0,IIB,brca
TCGA-BH-A1FG,Stage I,577.0,BH,Breast,Dead,577.0,88,,,No,No,No,0.0,1.0,577.0,577.0,I,brca
TCGA-BH-A1FH,Stage IV,1034.0,BH,Breast,Dead,1034.0,47,,,No,No,No,0.0,1.0,1034.0,1034.0,IV,brca
TCGA-BH-A1FJ,Stage IIIA,1927.0,BH,Breast,Dead,1927.0,66,,,No,No,No,0.0,1.0,1927.0,1927.0,IIIA,brca
TCGA-BH-A1FL,Stage IIB,1673.0,BH,Breast,Dead,1673.0,69,,,No,No,No,0.0,1.0,1673.0,1673.0,IIB,brca
TCGA-BH-A1FM,Stage IIIA,1388.0,BH,Breast,Dead,1388.0,44,,,No,No,No,0.0,1.0,1388.0,1388.0,IIIA,brca
TCGA-BH-A1FN,Stage IIA,2192.0,BH,Breast,Dead,2192.0,34,,,No,No,No,0.0,1.0,2192.0,2192.0,IIA,brca
TCGA-BH-A1FR,Stage IIIB,1642.0,BH,Breast,Dead,1642.0,73,,,No,No,No,0.0,1.0,1642.0,1642.0,IIIB,brca
TCGA-BH-A1FU,Stage IA,1688.0,BH,Breast,Dead,1688.0,44,,,No,No,No,0.0,1.0,1688.0,1688.0,IA,brca
TCGA-BH-A201,Stage IA,856.0,BH,Breast,Alive,,64,,,No,No,No,1.0,1.0,856.0,856.0,IA,brca
TCGA-BH-A202,Stage II,795.0,BH,Breast,Alive,,60,,,No,No,No,1.0,1.0,795.0,795.0,II,brca
TCGA-BH-A203,Stage IIB,1174.0,BH,Breast,Dead,1174.0,78,,,No,No,No,0.0,1.0,1174.0,1174.0,IIB,brca
TCGA-BH-A204,Stage IIB,2534.0,BH,Breast,Dead,2534.0,80,,,No,No,No,0.0,1.0,2534.0,2534.0,IIB,brca
TCGA-BH-A208,Stage IIB,1759.0,BH,Breast,Dead,1759.0,48,,,No,No,No,0.0,1.0,1759.0,1759.0,IIB,brca
TCGA-BH-A209,Stage I,3959.0,BH,Breast,Dead,3959.0,77,,,No,No,No,0.0,1.0,3959.0,3959.0,I,brca
TCGA-BH-A28O,Stage IIIC,1120.0,BH,Breast,Alive,,50,,,No,No,No,1.0,1.0,1120.0,1120.0,IIIC,brca
TCGA-BH-A28Q,Stage IIB,1119.0,BH,Breast,Alive,,46,,,No,No,No,1.0,1.0,1119.0,1119.0,IIB,brca
TCGA-BH-A2L8,Stage IIA,612.0,BH,Breast,Alive,,45,,,No,No,No,1.0,1.0,612.0,612.0,IIA,brca
TCGA-BH-A42T,Stage IIA,320.0,BH,Breast,Dead,320.0,75,,,No,No,No,0.0,1.0,320.0,320.0,IIA,brca
TCGA-BH-A42U,Stage IIA,3364.0,BH,Breast,Alive,,80,,,No,No,No,1.0,1.0,3364.0,3364.0,IIA,brca
TCGA-BH-A42V,Stage IB,635.0,BH,Breast,Alive,,41,,,No,No,No,1.0,1.0,635.0,635.0,IB,brca
TCGA-BH-A5IZ,Stage IIB,567.0,BH,Breast,Alive,,51,,,No,No,No,1.0,1.0,567.0,567.0,IIB,brca
TCGA-BH-A5J0,Stage IA,715.0,BH,Breast,Alive,,63,,,No,No,No,1.0,1.0,715.0,715.0,IA,brca
TCGA-BH-A6R8,Stage IIA,293.0,BH,Breast,Alive,,46,,,No,No,No,1.0,1.0,293.0,293.0,IIA,brca
TCGA-BH-A6R9,Stage IIA,160.0,BH,Breast,Alive,,61,,,No,No,No,1.0,1.0,160.0,160.0,IIA,brca
TCGA-BH-A8FY,Stage IA,295.0,BH,Breast,Dead,295.0,87,,,No,No,No,0.0,1.0,295.0,295.0,IA,brca
TCGA-BH-A8FZ,Stage IA,574.0,BH,Breast,Alive,,58,,,No,No,No,1.0,1.0,574.0,574.0,IA,brca
TCGA-BH-A8G0,Stage IIB,662.0,BH,Breast,Alive,,54,,,No,No,No,1.0,1.0,662.0,662.0,IIB,brca
TCGA-BH-AB28,Stage IIIA,287.0,BH,Breast,Alive,,53,,,No,No,No,1.0,1.0,287.0,287.0,IIIA,brca
TCGA-C8-A12K,Stage IIB,0.0,C8,Breast,Alive,,80,,,No,No,No,1.0,1.0,0.0,0.0,IIB,brca
TCGA-C8-A12L,Stage IIA,363.0,C8,Breast,Alive,,67,,,No,No,No,1.0,1.0,363.0,363.0,IIA,brca
TCGA-C8-A12M,Stage IIA,358.0,C8,Breast,Alive,,70,,,No,No,No,1.0,1.0,358.0,358.0,IIA,brca
TCGA-C8-A12N,Stage IIA,358.0,C8,Breast,Alive,,58,,,No,No,No,1.0,1.0,358.0,358.0,IIA,brca
TCGA-C8-A12O,Stage IIA,385.0,C8,Breast,Alive,,50,,,No,No,No,1.0,1.0,385.0,385.0,IIA,brca
TCGA-C8-A12P,Stage IIB,358.0,C8,Breast,Alive,,55,,,No,No,No,1.0,1.0,358.0,358.0,IIB,brca
TCGA-C8-A12T,Stage IIA,0.0,C8,Breast,Alive,,43,,,No,No,No,1.0,1.0,0.0,0.0,IIA,brca
TCGA-C8-A12U,Stage IIB,385.0,C8,Breast,Alive,,46,,,No,No,No,1.0,1.0,385.0,385.0,IIB,brca
TCGA-C8-A12V,Stage IIA,385.0,C8,Breast,Alive,,55,,,No,No,No,1.0,1.0,385.0,385.0,IIA,brca
TCGA-C8-A12W,Stage IIIB,385.0,C8,Breast,Alive,,49,,,No,No,No,1.0,1.0,385.0,385.0,IIIB,brca
TCGA-C8-A12X,Stage IIB,385.0,C8,Breast,Alive,,62,,,No,No,No,1.0,1.0,385.0,385.0,IIB,brca
TCGA-C8-A12Y,Stage IIB,1476.0,C8,Breast,Alive,,44,,,No,No,No,1.0,1.0,1476.0,1476.0,IIB,brca
TCGA-C8-A12Z,Stage IIB,382.0,C8,Breast,Alive,,45,,,No,No,No,1.0,1.0,382.0,382.0,IIB,brca
TCGA-C8-A130,Stage IIIA,370.0,C8,Breast,Alive,,52,,,No,No,No,1.0,1.0,370.0,370.0,IIIA,brca
TCGA-C8-A131,Stage IIIA,411.0,C8,Breast,Alive,,82,,,No,No,No,1.0,1.0,411.0,411.0,IIIA,brca
TCGA-C8-A132,Stage IIB,383.0,C8,Breast,Alive,,56,,,No,No,No,1.0,1.0,383.0,383.0,IIB,brca
TCGA-C8-A133,Stage IIIA,0.0,C8,Breast,Alive,,65,,,No,No,No,1.0,1.0,0.0,0.0,IIIA,brca
TCGA-C8-A134,Stage IIA,383.0,C8,Breast,Alive,,52,,,No,No,No,1.0,1.0,383.0,383.0,IIA,brca
TCGA-C8-A135,Stage IIB,393.0,C8,Breast,Alive,,64,,,No,No,No,1.0,1.0,393.0,393.0,IIB,brca
TCGA-C8-A137,Stage IIB,379.0,C8,Breast,Alive,,34,,136.0,Yes,No,Yes,1.0,1.0,379.0,379.0,IIB,brca
TCGA-C8-A138,Stage IIIA,380.0,C8,Breast,Alive,,54,,,No,No,No,1.0,1.0,380.0,380.0,IIIA,brca
TCGA-C8-A1HE,Stage IIA,375.0,C8,Breast,Alive,,59,,,No,No,No,1.0,1.0,375.0,375.0,IIA,brca
TCGA-C8-A1HF,Stage IIA,332.0,C8,Breast,Alive,,48,,,No,No,No,1.0,1.0,332.0,332.0,IIA,brca
TCGA-C8-A1HG,Stage IIA,345.0,C8,Breast,Alive,,50,,,No,No,No,1.0,1.0,345.0,345.0,IIA,brca
TCGA-C8-A1HI,Stage IIIA,343.0,C8,Breast,Alive,,40,,,No,No,No,1.0,1.0,343.0,343.0,IIIA,brca
TCGA-C8-A1HJ,Stage IIA,5.0,C8,Breast,Alive,,53,,,No,No,No,1.0,1.0,5.0,5.0,IIA,brca
TCGA-C8-A1HK,Stage IIB,366.0,C8,Breast,Alive,,53,,,No,No,No,1.0,1.0,366.0,366.0,IIB,brca
TCGA-C8-A1HL,Stage IIIA,317.0,C8,Breast,Alive,,38,,,No,No,No,1.0,1.0,317.0,317.0,IIIA,brca
TCGA-C8-A1HM,Stage IIA,375.0,C8,Breast,Alive,,74,,,No,No,No,1.0,1.0,375.0,375.0,IIA,brca
TCGA-C8-A1HN,Stage IIA,394.0,C8,Breast,Alive,,56,,,No,No,No,1.0,1.0,394.0,394.0,IIA,brca
TCGA-C8-A1HO,Stage IIIC,375.0,C8,Breast,Alive,,34,,,No,No,No,1.0,1.0,375.0,375.0,IIIC,brca
TCGA-C8-A26V,Stage IIIA,616.0,C8,Breast,Alive,,47,,,No,No,No,1.0,1.0,616.0,616.0,IIIA,brca
TCGA-C8-A26W,Stage IIB,381.0,C8,Breast,Alive,,58,,,No,No,No,1.0,1.0,381.0,381.0,IIB,brca
TCGA-C8-A26X,Stage IIA,376.0,C8,Breast,Alive,,58,,,No,No,No,1.0,1.0,376.0,376.0,IIA,brca
TCGA-C8-A26Y,Stage IIA,0.0,C8,Breast,Alive,,89,,,No,No,No,1.0,1.0,0.0,0.0,IIA,brca
TCGA-C8-A26Z,Stage IIA,470.0,C8,Breast,Alive,,59,,,No,No,No,1.0,1.0,470.0,470.0,IIA,brca
TCGA-C8-A273,Stage IIB,513.0,C8,Breast,Alive,,29,,,No,No,No,1.0,1.0,513.0,513.0,IIB,brca
TCGA-C8-A274,Stage IIA,508.0,C8,Breast,Alive,,63,,,No,No,No,1.0,1.0,508.0,508.0,IIA,brca
TCGA-C8-A275,Stage IIA,1.0,C8,Breast,Alive,,56,,,No,No,No,1.0,1.0,1.0,1.0,IIA,brca
TCGA-C8-A278,Stage IIIA,297.0,C8,Breast,Alive,,61,,,No,No,No,1.0,1.0,297.0,297.0,IIIA,brca
TCGA-C8-A27A,Stage IIB,747.0,C8,Breast,Alive,,48,,,No,No,No,1.0,1.0,747.0,747.0,IIB,brca
TCGA-C8-A27B,Stage IIB,439.0,C8,Breast,Alive,,48,,,No,No,No,1.0,1.0,439.0,439.0,IIB,brca
TCGA-C8-A3M7,Stage IIIB,1034.0,C8,Breast,Dead,1034.0,60,,1034.0,Yes,No,Yes,0.0,1.0,1034.0,1034.0,IIIB,brca
TCGA-C8-A3M8,Stage IA,394.0,C8,Breast,Alive,,68,,,No,No,No,1.0,1.0,394.0,394.0,IA,brca
TCGA-C8-A8HP,Stage IIIA,396.0,C8,Breast,Alive,,59,,,No,No,No,1.0,1.0,396.0,396.0,IIIA,brca
TCGA-C8-A8HQ,Stage IIB,380.0,C8,Breast,Alive,,53,,,No,No,No,1.0,1.0,380.0,380.0,IIB,brca
TCGA-C8-A8HR,Stage IIIA,408.0,C8,Breast,Alive,,49,,,No,No,No,1.0,1.0,408.0,408.0,IIIA,brca
TCGA-C8-A9FZ,Stage IIB,592.0,C8,Breast,Alive,,49,,,No,No,No,1.0,1.0,592.0,592.0,IIB,brca
TCGA-D8-A13Y,Stage IA,1728.0,D8,Breast,Alive,,52,,,No,No,No,1.0,1.0,1728.0,1728.0,IA,brca
TCGA-D8-A140,Stage IIB,403.0,D8,Breast,Alive,,62,,,No,No,No,1.0,1.0,403.0,403.0,IIB,brca
TCGA-D8-A142,Stage IIB,425.0,D8,Breast,Alive,,74,,,No,No,No,1.0,1.0,425.0,425.0,IIB,brca
TCGA-D8-A143,Stage IIA,431.0,D8,Breast,Alive,,51,,,No,No,No,1.0,1.0,431.0,431.0,IIA,brca
TCGA-D8-A145,Stage IIA,410.0,D8,Breast,Alive,,80,,,No,No,No,1.0,1.0,410.0,410.0,IIA,brca
TCGA-D8-A146,Stage IIA,643.0,D8,Breast,Alive,,57,,,No,No,No,1.0,1.0,643.0,643.0,IIA,brca
TCGA-D8-A1J8,Stage IIB,431.0,D8,Breast,Alive,,77,,,No,No,No,1.0,1.0,431.0,431.0,IIB,brca
TCGA-D8-A1J9,Stage IA,532.0,D8,Breast,Alive,,48,,,No,No,No,1.0,1.0,532.0,532.0,IA,brca
TCGA-D8-A1JB,Stage IIB,1688.0,D8,Breast,Alive,,54,,,No,No,No,1.0,1.0,1688.0,1688.0,IIB,brca
TCGA-D8-A1JC,Stage IIIA,480.0,D8,Breast,Alive,,59,,,No,No,No,1.0,1.0,480.0,480.0,IIIA,brca
TCGA-D8-A1JD,Stage IIB,552.0,D8,Breast,Alive,,41,,,No,No,No,1.0,1.0,552.0,552.0,IIB,brca
TCGA-D8-A1JE,Stage IIA,575.0,D8,Breast,Alive,,62,,,No,No,No,1.0,1.0,575.0,575.0,IIA,brca
TCGA-D8-A1JF,Stage IIIA,366.0,D8,Breast,Alive,,79,,,No,No,No,1.0,1.0,366.0,366.0,IIIA,brca
TCGA-D8-A1JG,Stage IIA,1612.0,D8,Breast,Alive,,62,,,No,No,No,1.0,1.0,1612.0,1612.0,IIA,brca
TCGA-D8-A1JH,Stage IA,426.0,D8,Breast,Alive,,56,,,No,No,No,1.0,1.0,426.0,426.0,IA,brca
TCGA-D8-A1JI,Stage IIA,577.0,D8,Breast,Alive,,54,,,No,No,No,1.0,1.0,577.0,577.0,IIA,brca
TCGA-D8-A1JJ,Stage IIA,611.0,D8,Breast,Alive,,54,,,No,No,No,1.0,1.0,611.0,611.0,IIA,brca
TCGA-D8-A1JK,Stage IIA,0.0,D8,Breast,Alive,,89,,,No,No,No,1.0,1.0,0.0,0.0,IIA,brca
TCGA-D8-A1JL,Stage IIA,611.0,D8,Breast,Alive,,72,,,No,No,No,1.0,1.0,611.0,611.0,IIA,brca
TCGA-D8-A1JM,Stage IIB,590.0,D8,Breast,Alive,,59,,,No,No,No,1.0,1.0,590.0,590.0,IIB,brca
TCGA-D8-A1JN,Stage IIIC,620.0,D8,Breast,Alive,,80,,,No,No,No,1.0,1.0,620.0,620.0,IIIC,brca
TCGA-D8-A1JP,Stage IA,639.0,D8,Breast,Alive,,73,,,No,No,No,1.0,1.0,639.0,639.0,IA,brca
TCGA-D8-A1JS,Stage IA,371.0,D8,Breast,Alive,,77,,,No,No,No,1.0,1.0,371.0,371.0,IA,brca
TCGA-D8-A1JT,Stage IIA,405.0,D8,Breast,Alive,,70,,,No,No,No,1.0,1.0,405.0,405.0,IIA,brca
TCGA-D8-A1JU,Stage IA,447.0,D8,Breast,Alive,,51,,,No,No,No,1.0,1.0,447.0,447.0,IA,brca
TCGA-D8-A1X5,Stage IIIC,565.0,D8,Breast,Alive,,81,,,No,No,No,1.0,1.0,565.0,565.0,IIIC,brca
TCGA-D8-A1X6,Stage IIIA,541.0,D8,Breast,Alive,,80,,,No,No,No,1.0,1.0,541.0,541.0,IIIA,brca
TCGA-D8-A1X7,Stage IIA,509.0,D8,Breast,Alive,,40,,,No,No,No,1.0,1.0,509.0,509.0,IIA,brca
TCGA-D8-A1X8,Stage IIIA,783.0,D8,Breast,Alive,,62,,,No,No,No,1.0,1.0,783.0,783.0,IIIA,brca
TCGA-D8-A1X9,Stage IIB,727.0,D8,Breast,Alive,,66,,,No,No,No,1.0,1.0,727.0,727.0,IIB,brca
TCGA-D8-A1XA,Stage IA,839.0,D8,Breast,Alive,,64,,,No,No,No,1.0,1.0,839.0,839.0,IA,brca
TCGA-D8-A1XB,Stage IIB,552.0,D8,Breast,Alive,,62,,,No,No,No,1.0,1.0,552.0,552.0,IIB,brca
TCGA-D8-A1XD,Stage IIIA,522.0,D8,Breast,Alive,,36,,,No,No,No,1.0,1.0,522.0,522.0,IIIA,brca
TCGA-D8-A1XF,Stage IIA,463.0,D8,Breast,Alive,,45,,,No,No,No,1.0,1.0,463.0,463.0,IIA,brca
TCGA-D8-A1XG,Stage IIIB,448.0,D8,Breast,Alive,,86,,,No,No,No,1.0,1.0,448.0,448.0,IIIB,brca
TCGA-D8-A1XJ,Stage IIIA,664.0,D8,Breast,Alive,,76,,,No,No,No,1.0,1.0,664.0,664.0,IIIA,brca
TCGA-D8-A1XK,Stage IIB,441.0,D8,Breast,Alive,,55,,,No,No,No,1.0,1.0,441.0,441.0,IIB,brca
TCGA-D8-A1XL,Stage IIB,606.0,D8,Breast,Alive,,34,,,No,No,No,1.0,1.0,606.0,606.0,IIB,brca
TCGA-D8-A1XM,Stage IA,538.0,D8,Breast,Alive,,57,,,No,No,No,1.0,1.0,538.0,538.0,IA,brca
TCGA-D8-A1XO,Stage IIB,1682.0,D8,Breast,Alive,,56,,,No,No,No,1.0,1.0,1682.0,1682.0,IIB,brca
TCGA-D8-A1XQ,Stage IIA,499.0,D8,Breast,Alive,,69,,,No,No,No,1.0,1.0,499.0,499.0,IIA,brca
TCGA-D8-A1XR,Stage IIB,482.0,D8,Breast,Alive,,56,,,No,No,No,1.0,1.0,482.0,482.0,IIB,brca
TCGA-D8-A1XS,Stage IIIC,496.0,D8,Breast,Alive,,48,,,No,No,No,1.0,1.0,496.0,496.0,IIIC,brca
TCGA-D8-A1XT,Stage IIA,506.0,D8,Breast,Alive,,61,,,No,No,No,1.0,1.0,506.0,506.0,IIA,brca
TCGA-D8-A1XU,Stage IA,395.0,D8,Breast,Alive,,56,,,No,No,No,1.0,1.0,395.0,395.0,IA,brca
TCGA-D8-A1XV,Stage IIA,461.0,D8,Breast,Alive,,84,,,No,No,No,1.0,1.0,461.0,461.0,IIA,brca
TCGA-D8-A1XW,Stage IIA,1309.0,D8,Breast,Alive,,53,,,No,No,No,1.0,1.0,1309.0,1309.0,IIA,brca
TCGA-D8-A1XY,Stage IIA,503.0,D8,Breast,Alive,,74,,,No,No,No,1.0,1.0,503.0,503.0,IIA,brca
TCGA-D8-A1XZ,Stage IIIA,466.0,D8,Breast,Alive,,81,,,No,No,No,1.0,1.0,466.0,466.0,IIIA,brca
TCGA-D8-A1Y0,Stage IIIA,472.0,D8,Breast,Alive,,65,,,No,No,No,1.0,1.0,472.0,472.0,IIIA,brca
TCGA-D8-A1Y1,Stage IIIA,302.0,D8,Breast,Dead,302.0,80,,,No,No,No,0.0,1.0,302.0,302.0,IIIA,brca
TCGA-D8-A1Y2,Stage IIA,433.0,D8,Breast,Alive,,71,,,No,No,No,1.0,1.0,433.0,433.0,IIA,brca
TCGA-D8-A1Y3,Stage IIIA,430.0,D8,Breast,Alive,,61,,,No,No,No,1.0,1.0,430.0,430.0,IIIA,brca
TCGA-D8-A27E,Stage IA,530.0,D8,Breast,Alive,,66,,,No,No,No,1.0,1.0,530.0,530.0,IA,brca
TCGA-D8-A27F,Stage IIA,488.0,D8,Breast,Alive,,40,,,No,No,No,1.0,1.0,488.0,488.0,IIA,brca
TCGA-D8-A27G,Stage IIA,409.0,D8,Breast,Alive,,75,,,No,No,No,1.0,1.0,409.0,409.0,IIA,brca
TCGA-D8-A27H,Stage IIA,397.0,D8,Breast,Alive,,72,,,No,No,No,1.0,1.0,397.0,397.0,IIA,brca
TCGA-D8-A27I,Stage IIIA,439.0,D8,Breast,Alive,,58,,,No,No,No,1.0,1.0,439.0,439.0,IIIA,brca
TCGA-D8-A27K,Stage IIB,1461.0,D8,Breast,Alive,,47,,,No,No,No,1.0,1.0,1461.0,1461.0,IIB,brca
TCGA-D8-A27L,Stage IIIA,499.0,D8,Breast,Alive,,49,,,No,No,No,1.0,1.0,499.0,499.0,IIIA,brca
TCGA-D8-A27M,Stage IA,410.0,D8,Breast,Alive,,59,,,No,No,No,1.0,1.0,410.0,410.0,IA,brca
TCGA-D8-A27N,Stage IIIA,519.0,D8,Breast,Alive,,36,,,No,No,No,1.0,1.0,519.0,519.0,IIIA,brca
TCGA-D8-A27P,Stage IA,49.0,D8,Breast,Alive,,64,,,No,No,No,1.0,1.0,49.0,49.0,IA,brca
TCGA-D8-A27R,Stage IIIC,307.0,D8,Breast,Alive,,41,,,No,No,No,1.0,1.0,307.0,307.0,IIIC,brca
TCGA-D8-A27T,Stage IIIC,398.0,D8,Breast,Alive,,53,,,No,No,No,1.0,1.0,398.0,398.0,IIIC,brca
TCGA-D8-A27V,Stage IIA,381.0,D8,Breast,Alive,,62,,,No,No,No,1.0,1.0,381.0,381.0,IIA,brca
TCGA-D8-A27W,Stage IIIB,373.0,D8,Breast,Alive,,55,,,No,No,No,1.0,1.0,373.0,373.0,IIIB,brca
TCGA-D8-A3Z5,Stage IIIC,1015.0,D8,Breast,Alive,,54,,,No,No,No,1.0,1.0,1015.0,1015.0,IIIC,brca
TCGA-D8-A3Z6,Stage IIIC,563.0,D8,Breast,Alive,,56,,,No,No,No,1.0,1.0,563.0,563.0,IIIC,brca
TCGA-D8-A4Z1,Stage IA,659.0,D8,Breast,Alive,,68,,,No,No,No,1.0,1.0,659.0,659.0,IA,brca
TCGA-D8-A73U,Stage IIA,492.0,D8,Breast,Alive,,88,,,No,No,No,1.0,1.0,492.0,492.0,IIA,brca
TCGA-D8-A73W,Stage IIIA,385.0,D8,Breast,Dead,385.0,79,21.0,,Yes,Yes,No,0.0,0.0,385.0,21.0,IIIA,brca
TCGA-D8-A73X,Stage IIA,767.0,D8,Breast,Alive,,53,,,No,No,No,1.0,1.0,767.0,767.0,IIA,brca
TCGA-E2-A105,Stage IIA,1308.0,E2,Breast,Alive,,79,,,No,No,No,1.0,1.0,1308.0,1308.0,IIA,brca
TCGA-E2-A106,Stage IB,2541.0,E2,Breast,Alive,,34,,,No,No,No,1.0,1.0,2541.0,2541.0,IB,brca
TCGA-E2-A107,Stage IIIA,1047.0,E2,Breast,Alive,,54,,,No,No,No,1.0,1.0,1047.0,1047.0,IIIA,brca
TCGA-E2-A108,Stage IIIA,837.0,E2,Breast,Alive,,64,,,No,No,No,1.0,1.0,837.0,837.0,IIIA,brca
TCGA-E2-A109,Stage IIA,1417.0,E2,Breast,Alive,,64,,,No,No,No,1.0,1.0,1417.0,1417.0,IIA,brca
TCGA-E2-A10A,Stage IIB,1229.0,E2,Breast,Alive,,41,75.0,,Yes,Yes,No,1.0,0.0,1229.0,75.0,IIB,brca
TCGA-E2-A10B,Stage IIB,1141.0,E2,Breast,Alive,,67,,,No,No,No,1.0,1.0,1141.0,1141.0,IIB,brca
TCGA-E2-A10C,Stage IIB,1220.0,E2,Breast,Alive,,54,,,No,No,No,1.0,1.0,1220.0,1220.0,IIB,brca
TCGA-E2-A10E,Stage IIA,865.0,E2,Breast,Alive,,64,,,No,No,No,1.0,1.0,865.0,865.0,IIA,brca
TCGA-E2-A10F,Stage IIA,878.0,E2,Breast,Alive,,47,,,No,No,No,1.0,1.0,878.0,878.0,IIA,brca
TCGA-E2-A14N,Stage IIB,1434.0,E2,Breast,Alive,,37,,,No,No,No,1.0,1.0,1434.0,1434.0,IIB,brca
TCGA-E2-A14O,Stage IIIA,1359.0,E2,Breast,Alive,,76,,,No,No,No,1.0,1.0,1359.0,1359.0,IIIA,brca
TCGA-E2-A14P,Stage IIIC,1246.0,E2,Breast,Alive,,79,,,No,No,No,1.0,1.0,1246.0,1246.0,IIIC,brca
TCGA-E2-A14Q,Stage IIB,1163.0,E2,Breast,Alive,,50,,,No,No,No,1.0,1.0,1163.0,1163.0,IIB,brca
TCGA-E2-A14R,Stage IIA,1174.0,E2,Breast,Alive,,62,,,No,No,No,1.0,1.0,1174.0,1174.0,IIA,brca
TCGA-E2-A14S,Stage I,1009.0,E2,Breast,Alive,,65,,,No,No,No,1.0,1.0,1009.0,1009.0,I,brca
TCGA-E2-A14T,Stage IIA,2311.0,E2,Breast,Alive,,52,,,No,No,No,1.0,1.0,2311.0,2311.0,IIA,brca
TCGA-E2-A14U,Stage I,1318.0,E2,Breast,Alive,,74,,,No,No,No,1.0,1.0,1318.0,1318.0,I,brca
TCGA-E2-A14V,Stage IIB,1042.0,E2,Breast,Alive,,53,,,No,No,No,1.0,1.0,1042.0,1042.0,IIB,brca
TCGA-E2-A14W,Stage IIA,974.0,E2,Breast,Alive,,78,,,No,No,No,1.0,1.0,974.0,974.0,IIA,brca
TCGA-E2-A14X,Stage IIIA,972.0,E2,Breast,Alive,,55,,,No,No,No,1.0,1.0,972.0,972.0,IIIA,brca
TCGA-E2-A14Y,Stage IIA,2109.0,E2,Breast,Alive,,35,,,No,No,No,1.0,1.0,2109.0,2109.0,IIA,brca
TCGA-E2-A14Z,Stage I,563.0,E2,Breast,Dead,563.0,64,188.0,,Yes,Yes,No,0.0,0.0,563.0,188.0,I,brca
TCGA-E2-A150,Stage IIA,1935.0,E2,Breast,Alive,,48,,,No,No,No,1.0,1.0,1935.0,1935.0,IIA,brca
TCGA-E2-A152,Stage I,2128.0,E2,Breast,Alive,,56,54.0,966.0,Yes,Yes,Yes,1.0,0.0,2128.0,54.0,I,brca
TCGA-E2-A153,Stage IIB,707.0,E2,Breast,Alive,,51,,,No,No,No,1.0,1.0,707.0,707.0,IIB,brca
TCGA-E2-A154,Stage I,591.0,E2,Breast,Alive,,68,,,No,No,No,1.0,1.0,591.0,591.0,I,brca
TCGA-E2-A155,Stage IIB,640.0,E2,Breast,Alive,,58,,,No,No,No,1.0,1.0,640.0,640.0,IIB,brca
TCGA-E2-A156,Stage I,726.0,E2,Breast,Alive,,61,,,No,No,No,1.0,1.0,726.0,726.0,I,brca
TCGA-E2-A158,Stage IIA,450.0,E2,Breast,Alive,,43,,,No,No,No,1.0,1.0,450.0,450.0,IIA,brca
TCGA-E2-A159,Stage IIA,762.0,E2,Breast,Alive,,50,,,No,No,No,1.0,1.0,762.0,762.0,IIA,brca
TCGA-E2-A15A,Stage IIIC,710.0,E2,Breast,Alive,,45,,,No,No,No,1.0,1.0,710.0,710.0,IIIC,brca
TCGA-E2-A15C,Stage I,694.0,E2,Breast,Alive,,61,,,No,No,No,1.0,1.0,694.0,694.0,I,brca
TCGA-E2-A15D,Stage IIA,526.0,E2,Breast,Alive,,47,,,No,No,No,1.0,1.0,526.0,526.0,IIA,brca
TCGA-E2-A15E,Stage IIA,630.0,E2,Breast,Alive,,40,,,No,No,No,1.0,1.0,630.0,630.0,IIA,brca
TCGA-E2-A15F,Stage I,658.0,E2,Breast,Alive,,64,,,No,No,No,1.0,1.0,658.0,658.0,I,brca
TCGA-E2-A15G,Stage IIA,554.0,E2,Breast,Alive,,76,,,No,No,No,1.0,1.0,554.0,554.0,IIA,brca
TCGA-E2-A15H,Stage IIA,393.0,E2,Breast,Alive,,38,,,No,No,No,1.0,1.0,393.0,393.0,IIA,brca
TCGA-E2-A15I,Stage IIA,1692.0,E2,Breast,Alive,,44,,,No,No,No,1.0,1.0,1692.0,1692.0,IIA,brca
TCGA-E2-A15J,Stage I,1640.0,E2,Breast,Alive,,51,,,No,No,No,1.0,1.0,1640.0,1640.0,I,brca
TCGA-E2-A15K,Stage IIB,275.0,E2,Breast,Alive,,58,,,No,No,No,1.0,1.0,275.0,275.0,IIB,brca
TCGA-E2-A15L,Stage IIA,626.0,E2,Breast,Alive,,65,,,No,No,No,1.0,1.0,626.0,626.0,IIA,brca
TCGA-E2-A15M,Stage IIA,336.0,E2,Breast,Dead,336.0,66,,,No,No,No,0.0,1.0,336.0,336.0,IIA,brca
TCGA-E2-A15O,Stage I,289.0,E2,Breast,Alive,,89,,289.0,Yes,No,Yes,1.0,1.0,289.0,289.0,I,brca
TCGA-E2-A15P,Stage IA,595.0,E2,Breast,Alive,,61,,,No,No,No,1.0,1.0,595.0,595.0,IA,brca
TCGA-E2-A15R,Stage IIA,1732.0,E2,Breast,Alive,,64,,,No,No,No,1.0,1.0,1732.0,1732.0,IIA,brca
TCGA-E2-A15S,Stage IIB,428.0,E2,Breast,Alive,,34,,,No,No,No,1.0,1.0,428.0,428.0,IIB,brca
TCGA-E2-A15T,Stage IIA,1563.0,E2,Breast,Alive,,65,,,No,No,No,1.0,1.0,1563.0,1563.0,IIA,brca
TCGA-E2-A1AZ,Stage IIB,2329.0,E2,Breast,Alive,,63,,,No,No,No,1.0,1.0,2329.0,2329.0,IIB,brca
TCGA-E2-A1B0,Stage IIIA,1631.0,E2,Breast,Alive,,50,,,No,No,No,1.0,1.0,1631.0,1631.0,IIIA,brca
TCGA-E2-A1B1,Stage IIB,2653.0,E2,Breast,Alive,,45,,,No,No,No,1.0,1.0,2653.0,2653.0,IIB,brca
TCGA-E2-A1B4,Stage IIIA,1004.0,E2,Breast,Dead,1004.0,74,,,No,No,No,0.0,1.0,1004.0,1004.0,IIIA,brca
TCGA-E2-A1B5,Stage IIA,984.0,E2,Breast,Alive,,46,,,No,No,No,1.0,1.0,984.0,984.0,IIA,brca
TCGA-E2-A1B6,Stage IIA,867.0,E2,Breast,Alive,,44,,,No,No,No,1.0,1.0,867.0,867.0,IIA,brca
TCGA-E2-A1BC,Stage IA,501.0,E2,Breast,Alive,,63,,,No,No,No,1.0,1.0,501.0,501.0,IA,brca
TCGA-E2-A1BD,Stage IIA,1133.0,E2,Breast,Alive,,53,,,No,No,No,1.0,1.0,1133.0,1133.0,IIA,brca
TCGA-E2-A1IE,Stage IIB,2362.0,E2,Breast,Alive,,61,1810.0,,Yes,Yes,No,1.0,0.0,2362.0,1810.0,IIB,brca
TCGA-E2-A1IF,Stage I,1138.0,E2,Breast,Alive,,74,,,No,No,No,1.0,1.0,1138.0,1138.0,I,brca
TCGA-E2-A1IG,Stage IIB,2140.0,E2,Breast,Alive,,45,,,No,No,No,1.0,1.0,2140.0,2140.0,IIB,brca
TCGA-E2-A1IH,Stage I,1026.0,E2,Breast,Alive,,80,,,No,No,No,1.0,1.0,1026.0,1026.0,I,brca
TCGA-E2-A1II,Stage I,1025.0,E2,Breast,Alive,,51,,,No,No,No,1.0,1.0,1025.0,1025.0,I,brca
TCGA-E2-A1IJ,Stage I,865.0,E2,Breast,Alive,,57,,,No,No,No,1.0,1.0,865.0,865.0,I,brca
TCGA-E2-A1IK,Stage IIA,1800.0,E2,Breast,Alive,,71,,,No,No,No,1.0,1.0,1800.0,1800.0,IIA,brca
TCGA-E2-A1IL,Stage IIA,118.0,E2,Breast,Alive,,78,,,No,No,No,1.0,1.0,118.0,118.0,IIA,brca
TCGA-E2-A1IN,Stage I,675.0,E2,Breast,Alive,,60,,,No,No,No,1.0,1.0,675.0,675.0,I,brca
TCGA-E2-A1IO,Stage I,1855.0,E2,Breast,Alive,,37,,,No,No,No,1.0,1.0,1855.0,1855.0,I,brca
TCGA-E2-A1IU,Stage IA,337.0,E2,Breast,Alive,,60,,,No,No,No,1.0,1.0,337.0,337.0,IA,brca
TCGA-E2-A1L6,Stage IIA,1648.0,E2,Breast,Alive,,44,,,No,No,No,1.0,1.0,1648.0,1648.0,IIA,brca
TCGA-E2-A1L7,Stage IIIA,1836.0,E2,Breast,Alive,,40,,,No,No,No,1.0,1.0,1836.0,1836.0,IIIA,brca
TCGA-E2-A1L8,Stage IIB,2240.0,E2,Breast,Alive,,52,,,No,No,No,1.0,1.0,2240.0,2240.0,IIB,brca
TCGA-E2-A1L9,Stage IIA,598.0,E2,Breast,Alive,,40,,,No,No,No,1.0,1.0,598.0,598.0,IIA,brca
TCGA-E2-A1LA,Stage IIA,748.0,E2,Breast,Alive,,59,,,No,No,No,1.0,1.0,748.0,748.0,IIA,brca
TCGA-E2-A1LB,Stage IIB,2306.0,E2,Breast,Alive,,41,,,No,No,No,1.0,1.0,2306.0,2306.0,IIB,brca
TCGA-E2-A1LE,Stage IIIC,879.0,E2,Breast,Dead,879.0,71,361.0,,Yes,Yes,No,0.0,0.0,879.0,361.0,IIIC,brca
TCGA-E2-A1LG,Stage IIA,1523.0,E2,Breast,Alive,,50,,,No,No,No,1.0,1.0,1523.0,1523.0,IIA,brca
TCGA-E2-A1LH,Stage I,3247.0,E2,Breast,Alive,,59,,,No,No,No,1.0,1.0,3247.0,3247.0,I,brca
TCGA-E2-A1LI,Stage IIB,3121.0,E2,Breast,Alive,,57,,,No,No,No,1.0,1.0,3121.0,3121.0,IIB,brca
TCGA-E2-A1LK,Stage IIIC,266.0,E2,Breast,Dead,266.0,84,,155.0,Yes,No,Yes,0.0,1.0,266.0,266.0,IIIC,brca
TCGA-E2-A1LL,Stage IIIA,1309.0,E2,Breast,Alive,,73,1303.0,,Yes,Yes,No,1.0,0.0,1309.0,1303.0,IIIA,brca
TCGA-E2-A1LS,Stage IA,1604.0,E2,Breast,Alive,,46,,,No,No,No,1.0,1.0,1604.0,1604.0,IA,brca
TCGA-E2-A2P5,Stage IIIC,821.0,E2,Breast,Dead,821.0,78,597.0,,Yes,Yes,No,0.0,0.0,821.0,597.0,IIIC,brca
TCGA-E2-A2P6,Stage IIB,1051.0,E2,Breast,Alive,,77,,,No,No,No,1.0,1.0,1051.0,1051.0,IIB,brca
TCGA-E2-A3DX,Stage IIIC,1325.0,E2,Breast,Alive,,43,,,No,No,No,1.0,1.0,1325.0,1325.0,IIIC,brca
TCGA-E2-A56Z,Stage IIB,252.0,E2,Breast,Alive,,69,,,No,No,No,1.0,1.0,252.0,252.0,IIB,brca
TCGA-E2-A570,Stage IB,931.0,E2,Breast,Alive,,47,,,No,No,No,1.0,1.0,931.0,931.0,IB,brca
TCGA-E2-A572,Stage IIIA,1208.0,E2,Breast,Alive,,72,,,No,No,No,1.0,1.0,1208.0,1208.0,IIIA,brca
TCGA-E2-A573,Stage IA,1062.0,E2,Breast,Alive,,48,,,No,No,No,1.0,1.0,1062.0,1062.0,IA,brca
TCGA-E2-A574,Stage IIA,1179.0,E2,Breast,Alive,,44,,,No,No,No,1.0,1.0,1179.0,1179.0,IIA,brca
TCGA-E2-A576,Stage IA,1043.0,E2,Breast,Alive,,69,,,No,No,No,1.0,1.0,1043.0,1043.0,IA,brca
TCGA-E2-A9RU,Stage IIIC,0.0,E2,Breast,Alive,,89,,,No,No,No,1.0,1.0,0.0,0.0,IIIC,brca
TCGA-E9-A1N3,Stage IIIA,1059.0,E9,Breast,Alive,,70,,,No,No,No,1.0,1.0,1059.0,1059.0,IIIA,brca
TCGA-E9-A1N4,Stage IIIA,1000.0,E9,Breast,Alive,,41,,,No,No,No,1.0,1.0,1000.0,1000.0,IIIA,brca
TCGA-E9-A1N5,Stage IIB,1120.0,E9,Breast,Alive,,45,,,No,No,No,1.0,1.0,1120.0,1120.0,IIB,brca
TCGA-E9-A1N6,Stage IIB,678.0,E9,Breast,Dead,678.0,52,443.0,,Yes,Yes,No,0.0,0.0,678.0,443.0,IIB,brca
TCGA-E9-A1N8,Stage IIA,1039.0,E9,Breast,Alive,,48,,,No,No,No,1.0,1.0,1039.0,1039.0,IIA,brca
TCGA-E9-A1N9,Stage IIA,1101.0,E9,Breast,Alive,,58,,,No,No,No,1.0,1.0,1101.0,1101.0,IIA,brca
TCGA-E9-A1NA,Stage IIA,1112.0,E9,Breast,Alive,,58,,,No,No,No,1.0,1.0,1112.0,1112.0,IIA,brca
TCGA-E9-A1NC,Stage IIB,1203.0,E9,Breast,Alive,,61,,,No,No,No,1.0,1.0,1203.0,1203.0,IIB,brca
TCGA-E9-A1ND,Stage IIB,1266.0,E9,Breast,Alive,,75,,,No,No,No,1.0,1.0,1266.0,1266.0,IIB,brca
TCGA-E9-A1NE,Stage IIB,1088.0,E9,Breast,Alive,,28,,,No,No,No,1.0,1.0,1088.0,1088.0,IIB,brca
TCGA-E9-A1NF,Stage IIA,1072.0,E9,Breast,Dead,1072.0,60,90.0,,Yes,Yes,No,0.0,0.0,1072.0,90.0,IIA,brca
TCGA-E9-A1NG,Stage IIA,786.0,E9,Breast,Dead,786.0,62,,,No,No,No,0.0,1.0,786.0,786.0,IIA,brca
TCGA-E9-A1NH,Stage IIB,576.0,E9,Breast,Alive,,71,,,No,No,No,1.0,1.0,576.0,576.0,IIB,brca
TCGA-E9-A1NI,Stage IIA,300.0,E9,Breast,Alive,,51,,,No,No,No,1.0,1.0,300.0,300.0,IIA,brca
TCGA-E9-A1QZ,Stage IIA,755.0,E9,Breast,Alive,,61,,,No,No,No,1.0,1.0,755.0,755.0,IIA,brca
TCGA-E9-A1R0,Stage IIA,860.0,E9,Breast,Alive,,58,,,No,No,No,1.0,1.0,860.0,860.0,IIA,brca
TCGA-E9-A1R2,Stage IIIC,1063.0,E9,Breast,Alive,,51,,,No,No,No,1.0,1.0,1063.0,1063.0,IIIC,brca
TCGA-E9-A1R3,Stage IIIC,78.0,E9,Breast,Alive,,70,,,No,No,No,1.0,1.0,78.0,78.0,IIIC,brca
TCGA-E9-A1R4,Stage IA,186.0,E9,Breast,Alive,,66,,,No,No,No,1.0,1.0,186.0,186.0,IA,brca
TCGA-E9-A1R5,Stage IA,92.0,E9,Breast,Alive,,63,,,No,No,No,1.0,1.0,92.0,92.0,IA,brca
TCGA-E9-A1R6,Stage IIA,339.0,E9,Breast,Alive,,63,,,No,No,No,1.0,1.0,339.0,339.0,IIA,brca
TCGA-E9-A1R7,Stage IIA,1467.0,E9,Breast,Alive,,64,,,No,No,No,1.0,1.0,1467.0,1467.0,IIA,brca
TCGA-E9-A1RA,Stage IA,1369.0,E9,Breast,Alive,,48,,,No,No,No,1.0,1.0,1369.0,1369.0,IA,brca
TCGA-E9-A1RB,Stage IIA,976.0,E9,Breast,Dead,976.0,40,,,No,No,No,0.0,1.0,976.0,976.0,IIA,brca
TCGA-E9-A1RC,Stage IIIC,1224.0,E9,Breast,Alive,,56,,,No,No,No,1.0,1.0,1224.0,1224.0,IIIC,brca
TCGA-E9-A1RD,Stage IIA,34.0,E9,Breast,Alive,,67,,,No,No,No,1.0,1.0,34.0,34.0,IIA,brca
TCGA-E9-A1RE,Stage IIIA,1419.0,E9,Breast,Alive,,74,,,No,No,No,1.0,1.0,1419.0,1419.0,IIIA,brca
TCGA-E9-A1RF,Stage IIIA,200.0,E9,Breast,Alive,,68,,,No,No,No,1.0,1.0,200.0,200.0,IIIA,brca
TCGA-E9-A1RG,Stage IIIA,647.0,E9,Breast,Alive,,62,,,No,No,No,1.0,1.0,647.0,647.0,IIIA,brca
TCGA-E9-A1RH,Stage IIA,1417.0,E9,Breast,Alive,,63,,,No,No,No,1.0,1.0,1417.0,1417.0,IIA,brca
TCGA-E9-A1RI,Stage IIIA,1449.0,E9,Breast,Alive,,43,,,No,No,No,1.0,1.0,1449.0,1449.0,IIIA,brca
TCGA-E9-A226,Stage IIIA,1048.0,E9,Breast,Dead,1048.0,45,790.0,,Yes,Yes,No,0.0,0.0,1048.0,790.0,IIIA,brca
TCGA-E9-A227,Stage IIB,975.0,E9,Breast,Alive,,42,,,No,No,No,1.0,1.0,975.0,975.0,IIB,brca
TCGA-E9-A228,Stage IIB,1285.0,E9,Breast,Alive,,58,,,No,No,No,1.0,1.0,1285.0,1285.0,IIB,brca
TCGA-E9-A229,Stage IA,1148.0,E9,Breast,Alive,,37,,,No,No,No,1.0,1.0,1148.0,1148.0,IA,brca
TCGA-E9-A22A,Stage IIA,1189.0,E9,Breast,Alive,,74,,,No,No,No,1.0,1.0,1189.0,1189.0,IIA,brca
TCGA-E9-A22B,Stage IA,1167.0,E9,Breast,Alive,,71,,,No,No,No,1.0,1.0,1167.0,1167.0,IA,brca
TCGA-E9-A22D,Stage IIA,1248.0,E9,Breast,Alive,,38,,,No,No,No,1.0,1.0,1248.0,1248.0,IIA,brca
TCGA-E9-A22E,Stage IIIA,1269.0,E9,Breast,Alive,,56,,,No,No,No,1.0,1.0,1269.0,1269.0,IIIA,brca
TCGA-E9-A22G,Stage IIA,1239.0,E9,Breast,Alive,,47,,,No,No,No,1.0,1.0,1239.0,1239.0,IIA,brca
TCGA-E9-A22H,Stage IIB,1232.0,E9,Breast,Alive,,42,,,No,No,No,1.0,1.0,1232.0,1232.0,IIB,brca
TCGA-E9-A243,Stage IIA,612.0,E9,Breast,Alive,,52,305.0,,Yes,Yes,No,1.0,0.0,612.0,305.0,IIA,brca
TCGA-E9-A244,Stage IIA,21.0,E9,Breast,Alive,,54,,,No,No,No,1.0,1.0,21.0,21.0,IIA,brca
TCGA-E9-A247,Stage IA,1186.0,E9,Breast,Alive,,59,,,No,No,No,1.0,1.0,1186.0,1186.0,IA,brca
TCGA-E9-A248,Stage IIA,59.0,E9,Breast,Alive,,51,,,No,No,No,1.0,1.0,59.0,59.0,IIA,brca
TCGA-E9-A249,Stage IIA,217.0,E9,Breast,Alive,,45,,,No,No,No,1.0,1.0,217.0,217.0,IIA,brca
TCGA-E9-A24A,Stage IIA,747.0,E9,Breast,Alive,,69,,,No,No,No,1.0,1.0,747.0,747.0,IIA,brca
TCGA-E9-A295,Stage IIA,375.0,E9,Breast,Alive,,71,,,No,No,No,1.0,1.0,375.0,375.0,IIA,brca
TCGA-E9-A2JS,Stage IIB,904.0,E9,Breast,Dead,904.0,72,524.0,,Yes,Yes,No,0.0,0.0,904.0,524.0,IIB,brca
TCGA-E9-A2JT,Stage IIA,288.0,E9,Breast,Alive,,63,,,No,No,No,1.0,1.0,288.0,288.0,IIA,brca
TCGA-E9-A3HO,Stage IIA,1158.0,E9,Breast,Alive,,49,,,No,No,No,1.0,1.0,1158.0,1158.0,IIA,brca
TCGA-E9-A3Q9,Stage IIIC,1001.0,E9,Breast,Alive,,78,,,No,No,No,1.0,1.0,1001.0,1001.0,IIIC,brca
TCGA-E9-A3QA,Stage IIA,918.0,E9,Breast,Alive,,33,,,No,No,No,1.0,1.0,918.0,918.0,IIA,brca
TCGA-E9-A3X8,Stage IIB,926.0,E9,Breast,Alive,,48,,,No,No,No,1.0,1.0,926.0,926.0,IIB,brca
TCGA-E9-A54X,Stage IA,727.0,E9,Breast,Alive,,85,,,No,No,No,1.0,1.0,727.0,727.0,IA,brca
TCGA-E9-A54Y,Stage IIIA,725.0,E9,Breast,Alive,,63,,,No,No,No,1.0,1.0,725.0,725.0,IIIA,brca
TCGA-E9-A5FK,Stage IIIC,812.0,E9,Breast,Alive,,60,,,No,No,No,1.0,1.0,812.0,812.0,IIIC,brca
TCGA-E9-A5FL,Stage IIB,24.0,E9,Breast,Alive,,65,,,No,No,No,1.0,1.0,24.0,24.0,IIB,brca
TCGA-E9-A5UO,Stage IIA,785.0,E9,Breast,Alive,,41,,,No,No,No,1.0,1.0,785.0,785.0,IIA,brca
TCGA-E9-A5UP,Stage IIA,803.0,E9,Breast,Alive,,63,,,No,No,No,1.0,1.0,803.0,803.0,IIA,brca
TCGA-E9-A6HE,Stage IIIC,847.0,E9,Breast,Alive,,45,,,No,No,No,1.0,1.0,847.0,847.0,IIIC,brca
TCGA-EW-A1IW,Stage IIB,371.0,EW,Breast,Alive,,80,,,No,No,No,1.0,1.0,371.0,371.0,IIB,brca
TCGA-EW-A1IX,Stage IIA,1208.0,EW,Breast,Alive,,48,,,No,No,No,1.0,1.0,1208.0,1208.0,IIA,brca
TCGA-EW-A1IY,Stage I,258.0,EW,Breast,Alive,,38,,,No,No,No,1.0,1.0,258.0,258.0,I,brca
TCGA-EW-A1IZ,Stage IIIA,554.0,EW,Breast,Alive,,53,,,No,No,No,1.0,1.0,554.0,554.0,IIIA,brca
TCGA-EW-A1J1,Stage IIB,575.0,EW,Breast,Alive,,38,,,No,No,No,1.0,1.0,575.0,575.0,IIB,brca
TCGA-EW-A1J3,Stage IA,504.0,EW,Breast,Alive,,61,,,No,No,No,1.0,1.0,504.0,504.0,IA,brca
TCGA-EW-A1J5,Stage IIB,477.0,EW,Breast,Alive,,59,,,No,No,No,1.0,1.0,477.0,477.0,IIB,brca
TCGA-EW-A1J6,Stage I,875.0,EW,Breast,Alive,,70,,,No,No,No,1.0,1.0,875.0,875.0,I,brca
TCGA-EW-A1OV,Stage IIB,789.0,EW,Breast,Alive,,56,,,No,No,No,1.0,1.0,789.0,789.0,IIB,brca
TCGA-EW-A1OW,Stage IIA,694.0,EW,Breast,Alive,,58,,,No,No,No,1.0,1.0,694.0,694.0,IIA,brca
TCGA-EW-A1OX,Stage IIA,911.0,EW,Breast,Alive,,43,,,No,No,No,1.0,1.0,911.0,911.0,IIA,brca
TCGA-EW-A1OY,Stage IIA,908.0,EW,Breast,Alive,,63,,,No,No,No,1.0,1.0,908.0,908.0,IIA,brca
TCGA-EW-A1OZ,Stage IIA,1229.0,EW,Breast,Alive,,56,,,No,No,No,1.0,1.0,1229.0,1229.0,IIA,brca
TCGA-EW-A1P0,Stage IIB,1251.0,EW,Breast,Alive,,55,1094.0,,Yes,Yes,No,1.0,0.0,1251.0,1094.0,IIB,brca
TCGA-EW-A1P1,Stage IIIC,1210.0,EW,Breast,Alive,,68,1014.0,,Yes,Yes,No,1.0,0.0,1210.0,1014.0,IIIC,brca
TCGA-EW-A1P3,Stage IIA,1611.0,EW,Breast,Alive,,48,,,No,No,No,1.0,1.0,1611.0,1611.0,IIA,brca
TCGA-EW-A1P4,Stage IIA,907.0,EW,Breast,Alive,,43,,,No,No,No,1.0,1.0,907.0,907.0,IIA,brca
TCGA-EW-A1P5,Stage IIB,703.0,EW,Breast,Alive,,77,,,No,No,No,1.0,1.0,703.0,703.0,IIB,brca
TCGA-EW-A1P6,Stage IIB,562.0,EW,Breast,Alive,,64,,,No,No,No,1.0,1.0,562.0,562.0,IIB,brca
TCGA-EW-A1P7,Stage IIA,915.0,EW,Breast,Alive,,59,729.0,,Yes,Yes,No,1.0,0.0,915.0,729.0,IIA,brca
TCGA-EW-A1P8,Stage IIIC,239.0,EW,Breast,Dead,239.0,58,207.0,,Yes,Yes,No,0.0,0.0,239.0,207.0,IIIC,brca
TCGA-EW-A1PA,Stage IIB,575.0,EW,Breast,Alive,,59,,,No,No,No,1.0,1.0,575.0,575.0,IIB,brca
TCGA-EW-A1PB,Stage IIIA,608.0,EW,Breast,Alive,,70,,,No,No,No,1.0,1.0,608.0,608.0,IIIA,brca
TCGA-EW-A1PC,Stage IIB,187.0,EW,Breast,Alive,,66,,,No,No,No,1.0,1.0,187.0,187.0,IIB,brca
TCGA-EW-A1PD,Stage IIA,424.0,EW,Breast,Alive,,61,,,No,No,No,1.0,1.0,424.0,424.0,IIA,brca
TCGA-EW-A1PE,Stage IIA,320.0,EW,Breast,Alive,,56,,,No,No,No,1.0,1.0,320.0,320.0,IIA,brca
TCGA-EW-A1PF,Stage IA,439.0,EW,Breast,Alive,,50,,,No,No,No,1.0,1.0,439.0,439.0,IA,brca
TCGA-EW-A1PG,Stage IIB,1051.0,EW,Breast,Alive,,53,,,No,No,No,1.0,1.0,1051.0,1051.0,IIB,brca
TCGA-EW-A1PH,Stage IIA,607.0,EW,Breast,Alive,,52,,,No,No,No,1.0,1.0,607.0,607.0,IIA,brca
TCGA-EW-A2FR,Stage IIIC,1673.0,EW,Breast,Alive,,59,,,No,No,No,1.0,1.0,1673.0,1673.0,IIIC,brca
TCGA-EW-A2FS,Stage IIB,1604.0,EW,Breast,Alive,,41,,,No,No,No,1.0,1.0,1604.0,1604.0,IIB,brca
TCGA-EW-A2FV,Stage IIIC,788.0,EW,Breast,Alive,,39,,,No,No,No,1.0,1.0,788.0,788.0,IIIC,brca
TCGA-EW-A2FW,Stage IIA,672.0,EW,Breast,Alive,,52,,,No,No,No,1.0,1.0,672.0,672.0,IIA,brca
TCGA-EW-A3E8,Stage IIB,1035.0,EW,Breast,Alive,,60,,,No,No,No,1.0,1.0,1035.0,1035.0,IIB,brca
TCGA-EW-A3U0,Stage IIIA,532.0,EW,Breast,Alive,,61,,,No,No,No,1.0,1.0,532.0,532.0,IIIA,brca
TCGA-EW-A423,Stage IIA,533.0,EW,Breast,Alive,,75,,,No,No,No,1.0,1.0,533.0,533.0,IIA,brca
TCGA-EW-A424,Stage IIIA,715.0,EW,Breast,Alive,,51,,,No,No,No,1.0,1.0,715.0,715.0,IIIA,brca
TCGA-EW-A6S9,Stage IIA,463.0,EW,Breast,Alive,,34,,,No,No,No,1.0,1.0,463.0,463.0,IIA,brca
TCGA-EW-A6SA,Stage II,510.0,EW,Breast,Alive,,59,,,No,No,No,1.0,1.0,510.0,510.0,II,brca
TCGA-EW-A6SB,Stage II,760.0,EW,Breast,Alive,,62,,,No,No,No,1.0,1.0,760.0,760.0,II,brca
TCGA-EW-A6SC,Stage IIA,952.0,EW,Breast,Alive,,60,,,No,No,No,1.0,1.0,952.0,952.0,IIA,brca
TCGA-EW-A6SD,Stage IIB,1010.0,EW,Breast,Alive,,32,,,No,No,No,1.0,1.0,1010.0,1010.0,IIB,brca
TCGA-GI-A2C8,Stage IIIB,225.0,GI,Breast,Alive,,63,,,No,No,No,1.0,1.0,225.0,225.0,IIIB,brca
TCGA-GI-A2C9,Stage IIB,3342.0,GI,Breast,Alive,,58,,,No,No,No,1.0,1.0,3342.0,3342.0,IIB,brca
TCGA-GM-A2D9,Stage I,1812.0,GM,Breast,Dead,1812.0,69,536.0,,Yes,Yes,No,0.0,0.0,1812.0,536.0,I,brca
TCGA-GM-A2DA,Stage IIB,6593.0,GM,Breast,Dead,6593.0,46,3014.0,,Yes,Yes,No,0.0,0.0,6593.0,3014.0,IIB,brca
TCGA-GM-A2DB,Stage IIA,2406.0,GM,Breast,Alive,,62,,,No,No,No,1.0,1.0,2406.0,2406.0,IIA,brca
TCGA-GM-A2DC,Stage IIA,2535.0,GM,Breast,Alive,,57,,,No,No,No,1.0,1.0,2535.0,2535.0,IIA,brca
TCGA-GM-A2DD,Stage I,2282.0,GM,Breast,Alive,,53,,,No,No,No,1.0,1.0,2282.0,2282.0,I,brca
TCGA-GM-A2DF,Stage IIA,2155.0,GM,Breast,Alive,,53,,,No,No,No,1.0,1.0,2155.0,2155.0,IIA,brca
TCGA-GM-A2DH,Stage I,2193.0,GM,Breast,Alive,,58,,,No,No,No,1.0,1.0,2193.0,2193.0,I,brca
TCGA-GM-A2DI,Stage I,2590.0,GM,Breast,Alive,,52,,,No,No,No,1.0,1.0,2590.0,2590.0,I,brca
TCGA-GM-A2DK,Stage I,2645.0,GM,Breast,Alive,,58,,,No,No,No,1.0,1.0,2645.0,2645.0,I,brca
TCGA-GM-A2DL,Stage I,3519.0,GM,Breast,Alive,,50,,,No,No,No,1.0,1.0,3519.0,3519.0,I,brca
TCGA-GM-A2DM,Stage IIA,3226.0,GM,Breast,Alive,,57,,,No,No,No,1.0,1.0,3226.0,3226.0,IIA,brca
TCGA-GM-A2DN,Stage IIA,3091.0,GM,Breast,Alive,,58,,,No,No,No,1.0,1.0,3091.0,3091.0,IIA,brca
TCGA-GM-A2DO,Stage I,2596.0,GM,Breast,Alive,,54,,,No,No,No,1.0,1.0,2596.0,2596.0,I,brca
TCGA-GM-A3NW,Stage IIA,3361.0,GM,Breast,Alive,,63,,,No,No,No,1.0,1.0,3361.0,3361.0,IIA,brca
TCGA-GM-A3NY,Stage IIB,1162.0,GM,Breast,Alive,,72,,,No,No,No,1.0,1.0,1162.0,1162.0,IIB,brca
TCGA-GM-A3XG,Stage IIIA,1330.0,GM,Breast,Alive,,46,,,No,No,No,1.0,1.0,1330.0,1330.0,IIIA,brca
TCGA-GM-A3XL,Stage IIA,2108.0,GM,Breast,Alive,,49,,,No,No,No,1.0,1.0,2108.0,2108.0,IIA,brca
TCGA-GM-A3XN,Stage IIIA,2019.0,GM,Breast,Alive,,44,,,No,No,No,1.0,1.0,2019.0,2019.0,IIIA,brca
TCGA-GM-A4E0,Stage IIIC,2191.0,GM,Breast,Alive,,67,,,No,No,No,1.0,1.0,2191.0,2191.0,IIIC,brca
TCGA-GM-A5PV,Stage IIB,412.0,GM,Breast,Alive,,63,,,No,No,No,1.0,1.0,412.0,412.0,IIB,brca
TCGA-GM-A5PX,Stage IIB,551.0,GM,Breast,Alive,,65,,,No,No,No,1.0,1.0,551.0,551.0,IIB,brca
TCGA-HN-A2NL,Stage IIA,79.0,HN,Breast,Alive,,56,,,No,No,No,1.0,1.0,79.0,79.0,IIA,brca
TCGA-HN-A2OB,Stage IIB,1900.0,HN,Breast,Dead,1900.0,45,1543.0,,Yes,Yes,No,0.0,0.0,1900.0,1543.0,IIB,brca
TCGA-JL-A3YW,Stage IIB,360.0,JL,Breast,Alive,,49,,,No,No,No,1.0,1.0,360.0,360.0,IIB,brca
TCGA-JL-A3YX,Stage IIA,352.0,JL,Breast,Alive,,46,,,No,No,No,1.0,1.0,352.0,352.0,IIA,brca
TCGA-LD-A66U,Stage IIB,646.0,LD,Breast,Alive,,44,,,No,No,No,1.0,1.0,646.0,646.0,IIB,brca
TCGA-LD-A74U,Stage IIIC,402.0,LD,Breast,Alive,,79,,,No,No,No,1.0,1.0,402.0,402.0,IIIC,brca
TCGA-LD-A7W5,Stage IIIC,216.0,LD,Breast,Alive,,52,,,No,No,No,1.0,1.0,216.0,216.0,IIIC,brca
TCGA-LD-A7W6,Stage IIB,404.0,LD,Breast,Alive,,54,,,No,No,No,1.0,1.0,404.0,404.0,IIB,brca
TCGA-LD-A9QF,Stage IA,323.0,LD,Breast,Alive,,73,,,No,No,No,1.0,1.0,323.0,323.0,IA,brca
TCGA-LL-A440,Stage IA,759.0,LL,Breast,Alive,,61,,,No,No,No,1.0,1.0,759.0,759.0,IA,brca
TCGA-LL-A441,Stage IA,996.0,LL,Breast,Alive,,62,,,No,No,No,1.0,1.0,996.0,996.0,IA,brca
TCGA-LL-A442,Stage IIA,889.0,LL,Breast,Alive,,56,,,No,No,No,1.0,1.0,889.0,889.0,IIA,brca
TCGA-LL-A50Y,Stage IIA,762.0,LL,Breast,Alive,,84,,,No,No,No,1.0,1.0,762.0,762.0,IIA,brca
TCGA-LL-A5YL,Stage IIB,519.0,LL,Breast,Alive,,64,,,No,No,No,1.0,1.0,519.0,519.0,IIB,brca
TCGA-LL-A5YM,Stage IIIB,394.0,LL,Breast,Alive,,88,,258.0,Yes,No,Yes,1.0,1.0,394.0,394.0,IIIB,brca
TCGA-LL-A5YN,Stage IIA,447.0,LL,Breast,Alive,,46,,,No,No,No,1.0,1.0,447.0,447.0,IIA,brca
TCGA-LL-A5YO,Stage IA,440.0,LL,Breast,Alive,,50,,,No,No,No,1.0,1.0,440.0,440.0,IA,brca
TCGA-LL-A5YP,Stage IIB,450.0,LL,Breast,Alive,,49,,,No,No,No,1.0,1.0,450.0,450.0,IIB,brca
TCGA-LL-A6FP,Stage IIA,0.0,LL,Breast,Alive,,89,,,No,No,No,1.0,1.0,0.0,0.0,IIA,brca
TCGA-LL-A6FQ,Stage IIIA,80.0,LL,Breast,Alive,,77,,,No,No,No,1.0,1.0,80.0,80.0,IIIA,brca
TCGA-LL-A6FR,Stage IIA,489.0,LL,Breast,Alive,,50,,,No,No,No,1.0,1.0,489.0,489.0,IIA,brca
TCGA-LL-A73Y,Stage IA,477.0,LL,Breast,Alive,,67,,,No,No,No,1.0,1.0,477.0,477.0,IA,brca
TCGA-LL-A73Z,Stage IV,227.0,LL,Breast,Dead,227.0,55,192.0,,Yes,Yes,No,0.0,0.0,227.0,192.0,IV,brca
TCGA-LL-A740,Stage IA,441.0,LL,Breast,Alive,,61,,,No,No,No,1.0,1.0,441.0,441.0,IA,brca
TCGA-LL-A7SZ,Stage IIB,594.0,LL,Breast,Alive,,49,,,No,No,No,1.0,1.0,594.0,594.0,IIB,brca
TCGA-LL-A7T0,Stage IIB,376.0,LL,Breast,Alive,,70,,,No,No,No,1.0,1.0,376.0,376.0,IIB,brca
TCGA-LL-A8F5,Stage IIA,596.0,LL,Breast,Alive,,61,,,No,No,No,1.0,1.0,596.0,596.0,IIA,brca
TCGA-LL-A9Q3,Stage IIIC,532.0,LL,Breast,Alive,,69,,,No,No,No,1.0,1.0,532.0,532.0,IIIC,brca
TCGA-LQ-A4E4,Stage IIIA,849.0,LQ,Breast,Alive,,73,681.0,,Yes,Yes,No,1.0,0.0,849.0,681.0,IIIA,brca
TCGA-MS-A51U,Stage IIB,681.0,MS,Breast,Alive,,44,,,No,No,No,1.0,1.0,681.0,681.0,IIB,brca
TCGA-OK-A5Q2,Stage II,64.0,OK,Breast,Alive,,59,,,No,No,No,1.0,1.0,64.0,64.0,II,brca
TCGA-OL-A5D6,Stage IIA,1104.0,OL,Breast,Dead,1104.0,71,,,No,No,No,0.0,1.0,1104.0,1104.0,IIA,brca
TCGA-OL-A5D7,Stage IIA,1780.0,OL,Breast,Alive,,70,,,No,No,No,1.0,1.0,1780.0,1780.0,IIA,brca
TCGA-OL-A5D8,Stage IIB,973.0,OL,Breast,Alive,,40,,,No,No,No,1.0,1.0,973.0,973.0,IIB,brca
TCGA-OL-A5DA,Stage IIA,1783.0,OL,Breast,Alive,,61,,,No,No,No,1.0,1.0,1783.0,1783.0,IIA,brca
TCGA-OL-A5RU,Stage IIA,1219.0,OL,Breast,Alive,,63,,,No,No,No,1.0,1.0,1219.0,1219.0,IIA,brca
TCGA-OL-A5RV,Stage IIIC,1062.0,OL,Breast,Alive,,43,,,No,No,No,1.0,1.0,1062.0,1062.0,IIIC,brca
TCGA-OL-A5RW,Stage IIA,1106.0,OL,Breast,Alive,,40,,,No,No,No,1.0,1.0,1106.0,1106.0,IIA,brca
TCGA-OL-A5RX,Stage IA,878.0,OL,Breast,Alive,,51,,,No,No,No,1.0,1.0,878.0,878.0,IA,brca
TCGA-OL-A5RY,Stage IIA,752.0,OL,Breast,Alive,,52,,,No,No,No,1.0,1.0,752.0,752.0,IIA,brca
TCGA-OL-A5RZ,Stage IA,679.0,OL,Breast,Alive,,57,,,No,No,No,1.0,1.0,679.0,679.0,IA,brca
TCGA-OL-A5S0,Stage IIB,620.0,OL,Breast,Alive,,66,,,No,No,No,1.0,1.0,620.0,620.0,IIB,brca
TCGA-OL-A66H,Stage IB,812.0,OL,Breast,Alive,,74,,,No,No,No,1.0,1.0,812.0,812.0,IB,brca
TCGA-OL-A66I,Stage IIA,714.0,OL,Breast,Alive,,36,,,No,No,No,1.0,1.0,714.0,714.0,IIA,brca
TCGA-OL-A66J,Stage I,1996.0,OL,Breast,Alive,,80,,,No,No,No,1.0,1.0,1996.0,1996.0,I,brca
TCGA-OL-A66K,Stage IIA,1275.0,OL,Breast,Dead,1275.0,72,,,No,No,No,0.0,1.0,1275.0,1275.0,IIA,brca
TCGA-OL-A66L,Stage IA,1301.0,OL,Breast,Alive,,71,,,No,No,No,1.0,1.0,1301.0,1301.0,IA,brca
TCGA-OL-A66N,Stage IIIC,792.0,OL,Breast,Alive,,59,,,No,No,No,1.0,1.0,792.0,792.0,IIIC,brca
TCGA-OL-A66O,Stage IIB,528.0,OL,Breast,Alive,,39,,,No,No,No,1.0,1.0,528.0,528.0,IIB,brca
TCGA-OL-A66P,Stage IIA,428.0,OL,Breast,Alive,,75,,,No,No,No,1.0,1.0,428.0,428.0,IIA,brca
TCGA-OL-A6VO,Stage IA,858.0,OL,Breast,Alive,,43,,,No,No,No,1.0,1.0,858.0,858.0,IA,brca
TCGA-OL-A6VQ,Stage IIA,600.0,OL,Breast,Alive,,49,,,No,No,No,1.0,1.0,600.0,600.0,IIA,brca
TCGA-OL-A6VR,Stage IA,1220.0,OL,Breast,Alive,,48,,,No,No,No,1.0,1.0,1220.0,1220.0,IA,brca
TCGA-OL-A97C,Stage IIB,275.0,OL,Breast,Alive,,67,275.0,,Yes,Yes,No,1.0,0.0,275.0,275.0,IIB,brca
TCGA-PE-A5DC,Stage IIIA,1430.0,PE,Breast,Dead,1430.0,72,,,No,No,No,0.0,1.0,1430.0,1430.0,IIIA,brca
TCGA-PE-A5DD,Stage IIA,1953.0,PE,Breast,Alive,,64,,,No,No,No,1.0,1.0,1953.0,1953.0,IIA,brca
TCGA-PE-A5DE,Stage IIA,2645.0,PE,Breast,Alive,,41,,,No,No,No,1.0,1.0,2645.0,2645.0,IIA,brca
TCGA-PL-A8LX,Stage IV,5.0,PL,Breast,Alive,,35,,,No,No,No,1.0,1.0,5.0,5.0,IV,brca
TCGA-PL-A8LY,Stage IIB,8.0,PL,Breast,Alive,,30,,,No,No,No,1.0,1.0,8.0,8.0,IIB,brca
TCGA-PL-A8LZ,Stage IIIB,302.0,PL,Breast,Alive,,29,,,No,No,No,1.0,1.0,302.0,302.0,IIIB,brca
TCGA-S3-A6ZF,Stage IIA,572.0,S3,Breast,Alive,,64,,,No,No,No,1.0,1.0,572.0,572.0,IIA,brca
TCGA-S3-A6ZG,Stage IIB,562.0,S3,Breast,Alive,,71,,,No,No,No,1.0,1.0,562.0,562.0,IIB,brca
TCGA-S3-A6ZH,Stage IIIC,641.0,S3,Breast,Alive,,29,,,No,No,No,1.0,1.0,641.0,641.0,IIIC,brca
TCGA-S3-AA0Z,Stage IIB,629.0,S3,Breast,Alive,,63,,,No,No,No,1.0,1.0,629.0,629.0,IIB,brca
TCGA-S3-AA10,Stage IIA,586.0,S3,Breast,Alive,,65,,,No,No,No,1.0,1.0,586.0,586.0,IIA,brca
TCGA-S3-AA11,Stage IIA,421.0,S3,Breast,Alive,,67,,,No,No,No,1.0,1.0,421.0,421.0,IIA,brca
TCGA-S3-AA12,Stage IIIA,574.0,S3,Breast,Alive,,82,,,No,No,No,1.0,1.0,574.0,574.0,IIIA,brca
TCGA-S3-AA14,Stage I,529.0,S3,Breast,Alive,,47,,,No,No,No,1.0,1.0,529.0,529.0,I,brca
TCGA-S3-AA15,Stage IIB,525.0,S3,Breast,Alive,,51,,,No,No,No,1.0,1.0,525.0,525.0,IIB,brca
TCGA-S3-AA17,Stage IIB,424.0,S3,Breast,Alive,,64,,,No,No,No,1.0,1.0,424.0,424.0,IIB,brca
TCGA-UL-AAZ6,Stage IIA,518.0,UL,Breast,Alive,,73,,,No,No,No,1.0,1.0,518.0,518.0,IIA,brca
TCGA-UU-A93S,Stage IV,116.0,UU,Breast,Dead,116.0,63,,,No,No,No,0.0,1.0,116.0,116.0,IV,brca
TCGA-V7-A7HQ,Stage IIIA,2033.0,V7,Breast,Alive,,75,,,No,No,No,1.0,1.0,2033.0,2033.0,IIIA,brca
TCGA-W8-A86G,Stage IIA,347.0,W8,Breast,Alive,,66,,,No,No,No,1.0,1.0,347.0,347.0,IIA,brca
TCGA-WT-AB41,Stage IIB,1611.0,WT,Breast,Alive,,55,,,No,No,No,1.0,1.0,1611.0,1611.0,IIB,brca
TCGA-WT-AB44,Stage IA,883.0,WT,Breast,Alive,,77,,,No,No,No,1.0,1.0,883.0,883.0,IA,brca
TCGA-XX-A899,Stage IIIA,467.0,XX,Breast,Alive,,46,,,No,No,No,1.0,1.0,467.0,467.0,IIIA,brca
TCGA-XX-A89A,Stage IIB,488.0,XX,Breast,Alive,,68,,,No,No,No,1.0,1.0,488.0,488.0,IIB,brca
TCGA-Z7-A8R5,Stage IIIA,3287.0,Z7,Breast,Alive,,60,,181.0,Yes,No,Yes,1.0,1.0,3287.0,3287.0,IIIA,brca
TCGA-Z7-A8R6,Stage I,3256.0,Z7,Breast,Alive,,46,,,No,No,No,1.0,1.0,3256.0,3256.0,I,brca
